,id_ta,food,service,value,atmosphere,is_verified,has_phone_number,has_hours,has_website,has_menu,distance,has_tcAward
0,d10746918,35.0,35.0,30.0,40.0,0.0,1.0,1.0,1.0,0.0,,0.0
1,d6674944,45.0,45.0,40.0,45.0,0.0,1.0,1.0,1.0,0.0,0.8,1.0
2,d13129638,35.0,40.0,35.0,,0.0,1.0,1.0,1.0,0.0,0.8,0.0
3,d680417,45.0,45.0,40.0,40.0,0.0,1.0,1.0,1.0,0.0,0.3,1.0
4,d1112354,45.0,45.0,40.0,45.0,0.0,1.0,1.0,1.0,0.0,0.6,0.0
5,d8458643,40.0,40.0,40.0,,0.0,1.0,1.0,1.0,0.0,0.0,0.0
6,d8758873,,,,,0.0,1.0,1.0,1.0,0.0,,0.0
7,d8286886,,,,,0.0,1.0,1.0,1.0,0.0,0.3,0.0
8,d12947542,35.0,45.0,35.0,,0.0,1.0,1.0,1.0,0.0,0.8,0.0
9,d12716384,40.0,40.0,40.0,,0.0,1.0,1.0,1.0,0.0,0.5,0.0
10,d7818546,45.0,40.0,40.0,,0.0,1.0,1.0,1.0,0.0,,1.0
11,d7209625,35.0,40.0,40.0,40.0,0.0,1.0,1.0,1.0,0.0,0.4,0.0
12,d958943,35.0,35.0,35.0,,0.0,1.0,1.0,1.0,0.0,2.7,0.0
13,d1344523,45.0,45.0,45.0,,0.0,1.0,1.0,1.0,0.0,0.9,0.0
14,d1093021,45.0,40.0,40.0,40.0,0.0,1.0,1.0,1.0,0.0,0.2,1.0
15,d7605609,35.0,35.0,35.0,,0.0,1.0,1.0,1.0,0.0,,0.0
16,d11850449,35.0,35.0,30.0,,0.0,1.0,1.0,1.0,0.0,,0.0
17,d2188276,40.0,40.0,35.0,40.0,0.0,1.0,1.0,1.0,0.0,1.4,0.0
18,d8435085,,,,,0.0,1.0,1.0,1.0,0.0,,0.0
19,d2177920,45.0,45.0,40.0,40.0,0.0,1.0,1.0,1.0,0.0,,0.0
20,d8334752,,,,,0.0,1.0,1.0,1.0,0.0,1.2,0.0
21,d11749014,45.0,45.0,45.0,,0.0,1.0,1.0,1.0,0.0,0.3,0.0
22,d1216215,40.0,40.0,40.0,35.0,0.0,1.0,1.0,1.0,0.0,,0.0
23,d7653791,35.0,35.0,35.0,,0.0,1.0,1.0,1.0,0.0,,0.0
24,d6539478,,,,,,,,,,,
25,d13202032,,,,,,,,,,,
26,d2061134,40.0,40.0,40.0,35.0,0.0,1.0,1.0,1.0,0.0,0.4,1.0
27,d10133841,50.0,50.0,50.0,,0.0,1.0,1.0,1.0,0.0,0.2,0.0
28,d5795143,35.0,35.0,35.0,,0.0,1.0,1.0,1.0,0.0,,0.0
29,d1495732,35.0,35.0,35.0,40.0,0.0,1.0,1.0,1.0,0.0,0.1,0.0
30,d8537746,30.0,35.0,30.0,,0.0,1.0,1.0,1.0,0.0,0.2,0.0
31,d11953078,,,,,0.0,1.0,1.0,1.0,0.0,,0.0
32,d1018463,35.0,35.0,35.0,40.0,0.0,1.0,1.0,1.0,0.0,0.3,0.0
33,d3532770,40.0,40.0,40.0,35.0,0.0,1.0,1.0,1.0,0.0,0.3,0.0
34,d9597870,,,,,,,,,,,
35,d3256188,40.0,40.0,40.0,35.0,0.0,1.0,1.0,1.0,0.0,,0.0
36,d2095858,45.0,45.0,40.0,45.0,0.0,1.0,1.0,1.0,0.0,0.6,1.0
37,d13234520,40.0,35.0,35.0,,0.0,1.0,1.0,1.0,0.0,0.3,1.0
38,d1326624,40.0,40.0,35.0,40.0,0.0,1.0,1.0,1.0,0.0,0.2,0.0
39,d12170920,,,,,0.0,1.0,1.0,1.0,0.0,,0.0
40,d3339988,45.0,50.0,40.0,45.0,0.0,1.0,1.0,1.0,0.0,0.2,1.0
41,d695231,30.0,30.0,30.0,30.0,0.0,1.0,1.0,1.0,0.0,,0.0
42,d8180306,45.0,45.0,45.0,,0.0,1.0,1.0,1.0,0.0,,0.0
43,d11959505,,,,,0.0,1.0,1.0,1.0,0.0,0.8,0.0
44,d720945,40.0,40.0,35.0,45.0,0.0,1.0,1.0,1.0,0.0,0.2,1.0
45,d1439340,25.0,30.0,20.0,30.0,0.0,1.0,1.0,1.0,0.0,0.2,0.0
46,d4988279,,,,,0.0,1.0,1.0,1.0,0.0,0.3,0.0
47,d1336377,30.0,35.0,30.0,30.0,0.0,1.0,1.0,1.0,0.0,,0.0
48,d8747125,,,,,0.0,1.0,1.0,1.0,0.0,1.5,0.0
49,d737345,35.0,35.0,35.0,40.0,0.0,1.0,1.0,1.0,0.0,0.3,0.0
50,d10788740,,,,,0.0,1.0,1.0,1.0,0.0,,0.0
51,d9561771,45.0,45.0,45.0,,0.0,1.0,1.0,1.0,0.0,2.7,0.0
52,d8262476,,,,,0.0,1.0,1.0,1.0,0.0,0.4,0.0
53,d7124128,,,,,0.0,1.0,1.0,1.0,0.0,,0.0
54,d12006420,45.0,45.0,50.0,,0.0,1.0,1.0,1.0,0.0,0.5,0.0
55,d11633790,35.0,35.0,35.0,,0.0,1.0,1.0,1.0,0.0,0.3,0.0
56,d4919094,25.0,25.0,25.0,,0.0,1.0,1.0,1.0,0.0,0.6,0.0
57,d11867015,40.0,40.0,35.0,,0.0,1.0,1.0,1.0,0.0,0.4,1.0
58,d3672020,45.0,45.0,45.0,45.0,0.0,1.0,1.0,1.0,0.0,0.5,0.0
59,d8448700,40.0,40.0,40.0,,0.0,1.0,1.0,1.0,0.0,1.7,0.0
60,d1804870,40.0,45.0,40.0,45.0,0.0,1.0,1.0,1.0,0.0,0.2,1.0
61,d11855366,45.0,45.0,45.0,,0.0,1.0,1.0,1.0,0.0,0.3,1.0
62,d7249260,40.0,45.0,40.0,,0.0,1.0,1.0,1.0,0.0,0.5,0.0
63,d5776216,35.0,45.0,40.0,,0.0,1.0,1.0,1.0,0.0,0.7,0.0
64,d10147127,40.0,40.0,40.0,,0.0,1.0,1.0,1.0,0.0,0.6,0.0
65,d11769083,,,,,0.0,1.0,1.0,1.0,0.0,1.3,0.0
66,d11667248,,,,,0.0,1.0,1.0,1.0,0.0,,0.0
67,d11857524,45.0,45.0,40.0,,0.0,1.0,1.0,1.0,0.0,0.3,1.0
68,d10822625,50.0,50.0,45.0,,0.0,1.0,1.0,1.0,0.0,0.5,0.0
69,d5952715,40.0,40.0,40.0,40.0,0.0,1.0,1.0,1.0,0.0,0.4,1.0
70,d8338351,30.0,25.0,20.0,,0.0,1.0,1.0,1.0,0.0,,0.0
71,d12064491,35.0,35.0,35.0,,0.0,1.0,1.0,1.0,0.0,,0.0
72,d8352929,40.0,35.0,40.0,,0.0,1.0,1.0,1.0,0.0,0.8,0.0
73,d3625426,40.0,40.0,40.0,40.0,0.0,1.0,1.0,1.0,0.0,0.3,1.0
74,d12032989,,,,,0.0,1.0,1.0,1.0,0.0,0.8,0.0
75,d3507877,40.0,40.0,40.0,45.0,0.0,1.0,1.0,1.0,0.0,1.2,0.0
76,d719850,35.0,35.0,40.0,40.0,0.0,1.0,1.0,1.0,0.0,0.4,0.0
77,d953797,35.0,40.0,35.0,35.0,0.0,1.0,1.0,1.0,0.0,0.1,0.0
78,d10547215,,,,,0.0,1.0,1.0,1.0,0.0,0.4,0.0
79,d8535535,,,,,0.0,1.0,1.0,1.0,0.0,0.2,0.0
80,d8506168,45.0,45.0,45.0,,0.0,1.0,1.0,1.0,0.0,0.2,0.0
81,d10088997,,,,,0.0,1.0,1.0,1.0,0.0,,0.0
82,d6609067,40.0,40.0,45.0,35.0,0.0,1.0,1.0,1.0,0.0,,0.0
83,d10805315,,,,,0.0,1.0,1.0,1.0,0.0,0.5,0.0
84,d3331669,45.0,45.0,45.0,45.0,0.0,1.0,1.0,1.0,0.0,0.6,1.0
85,d9857169,35.0,35.0,35.0,,0.0,1.0,1.0,1.0,0.0,1.6,0.0
86,d3641641,,,,,,,,,,,
87,d12921076,,,,,0.0,1.0,1.0,1.0,0.0,0.3,0.0
88,d6708258,35.0,30.0,35.0,,0.0,1.0,1.0,1.0,0.0,0.2,0.0
89,d8838741,,,,,,,,,,,
90,d2239303,35.0,35.0,35.0,35.0,0.0,1.0,1.0,1.0,0.0,,0.0
91,d6962328,40.0,45.0,40.0,,0.0,1.0,1.0,1.0,0.0,0.9,0.0
92,d1337474,40.0,45.0,45.0,40.0,0.0,1.0,1.0,1.0,0.0,0.3,0.0
93,d4769732,,,,,0.0,1.0,1.0,1.0,0.0,,0.0
94,d5423578,30.0,30.0,30.0,,0.0,1.0,1.0,1.0,0.0,1.0,0.0
95,d720392,40.0,40.0,40.0,35.0,0.0,1.0,1.0,1.0,0.0,1.5,0.0
96,d4309064,45.0,45.0,45.0,45.0,0.0,1.0,1.0,1.0,0.0,,1.0
97,d8837875,45.0,35.0,40.0,,0.0,1.0,1.0,1.0,0.0,0.9,0.0
98,d2086866,40.0,40.0,35.0,40.0,0.0,1.0,1.0,1.0,0.0,3.0,0.0
99,d6404526,35.0,35.0,35.0,30.0,0.0,1.0,1.0,1.0,0.0,0.1,0.0
100,d7813343,30.0,30.0,30.0,,0.0,1.0,1.0,1.0,0.0,,0.0
101,d3673130,45.0,40.0,40.0,45.0,0.0,1.0,1.0,1.0,0.0,0.5,0.0
102,d785566,45.0,40.0,35.0,35.0,0.0,1.0,1.0,1.0,0.0,0.2,0.0
103,d5966033,45.0,45.0,45.0,,0.0,1.0,1.0,1.0,0.0,0.2,1.0
104,d3749693,45.0,35.0,40.0,40.0,0.0,1.0,1.0,1.0,0.0,0.9,0.0
105,d6536893,45.0,40.0,45.0,35.0,0.0,1.0,1.0,1.0,0.0,1.3,0.0
106,d3609570,,,,,,,,,,,
107,d9791292,45.0,45.0,45.0,,0.0,1.0,1.0,1.0,0.0,,0.0
108,d2554554,40.0,40.0,40.0,40.0,0.0,1.0,1.0,1.0,0.0,1.8,0.0
109,d8355550,35.0,35.0,35.0,,0.0,1.0,1.0,1.0,0.0,0.0,0.0
110,d6013019,,,,,,,,,,,
111,d9762124,,,,,0.0,1.0,1.0,1.0,0.0,0.7,0.0
112,d4367693,45.0,45.0,45.0,,0.0,1.0,1.0,1.0,0.0,0.7,0.0
113,d8376187,40.0,40.0,35.0,,0.0,1.0,1.0,1.0,0.0,0.5,0.0
114,d12644341,,,,,0.0,1.0,1.0,1.0,0.0,,0.0
115,d12204689,,,,,0.0,1.0,1.0,1.0,0.0,0.9,0.0
116,d2482191,40.0,40.0,35.0,40.0,0.0,1.0,1.0,1.0,0.0,0.4,1.0
117,d8730133,45.0,40.0,40.0,,0.0,1.0,1.0,1.0,0.0,0.4,1.0
118,d10316215,,,,,0.0,1.0,1.0,1.0,0.0,0.6,0.0
119,d4408571,40.0,40.0,40.0,40.0,0.0,1.0,1.0,1.0,0.0,0.5,1.0
120,d9559203,35.0,30.0,30.0,,0.0,1.0,1.0,1.0,0.0,,0.0
121,d11823628,50.0,45.0,50.0,,0.0,1.0,1.0,1.0,0.0,0.3,1.0
122,d2006373,40.0,40.0,40.0,40.0,0.0,1.0,1.0,1.0,0.0,,0.0
123,d11636306,,,,,0.0,1.0,1.0,1.0,0.0,0.4,0.0
124,d10455057,,,,,0.0,1.0,1.0,1.0,0.0,1.3,0.0
125,d1933914,40.0,40.0,40.0,45.0,0.0,1.0,1.0,1.0,0.0,,0.0
126,d5793336,,,,,0.0,1.0,1.0,1.0,0.0,0.3,0.0
127,d12624748,,,,,0.0,1.0,1.0,1.0,0.0,,0.0
128,d4961508,,,,,,,,,,,
129,d3459400,40.0,45.0,45.0,50.0,0.0,1.0,1.0,1.0,0.0,0.1,0.0
130,d9788680,,,,,,,,,,,
131,d7215694,30.0,30.0,30.0,,0.0,1.0,1.0,1.0,0.0,0.6,0.0
132,d719092,45.0,40.0,40.0,40.0,0.0,1.0,1.0,1.0,0.0,0.2,1.0
133,d1205615,40.0,40.0,35.0,35.0,0.0,1.0,1.0,1.0,0.0,0.5,0.0
134,d7818336,35.0,30.0,25.0,,0.0,1.0,1.0,1.0,0.0,0.7,0.0
135,d944138,,35.0,35.0,35.0,0.0,1.0,1.0,1.0,0.0,,0.0
136,d7591118,45.0,45.0,40.0,45.0,0.0,1.0,1.0,1.0,0.0,0.4,0.0
137,d2265600,25.0,20.0,20.0,25.0,0.0,1.0,1.0,1.0,0.0,0.4,0.0
138,d2476295,50.0,45.0,45.0,45.0,0.0,1.0,1.0,1.0,0.0,2.2,0.0
139,d4802788,,,,,0.0,1.0,1.0,1.0,0.0,1.1,0.0
140,d12115648,35.0,35.0,35.0,,0.0,1.0,1.0,1.0,0.0,2.3,0.0
141,d12530776,,,,,0.0,1.0,1.0,1.0,0.0,,0.0
142,d12196362,50.0,45.0,45.0,,0.0,1.0,1.0,1.0,0.0,,0.0
143,d12286606,,,,,0.0,1.0,1.0,1.0,0.0,0.0,0.0
144,d2013573,35.0,40.0,35.0,40.0,0.0,1.0,1.0,1.0,0.0,1.6,0.0
145,d2284554,45.0,45.0,40.0,35.0,0.0,1.0,1.0,1.0,0.0,0.8,0.0
146,d731188,35.0,35.0,30.0,30.0,0.0,1.0,1.0,1.0,0.0,0.3,0.0
147,d3320878,40.0,35.0,40.0,35.0,0.0,1.0,1.0,1.0,0.0,,0.0
148,d7615300,45.0,40.0,35.0,40.0,0.0,1.0,1.0,1.0,0.0,0.2,1.0
149,d1221322,40.0,40.0,35.0,,0.0,1.0,1.0,1.0,0.0,0.2,0.0
150,d12212609,,,,,0.0,1.0,1.0,1.0,0.0,,0.0
151,d1496185,45.0,40.0,40.0,40.0,0.0,1.0,1.0,1.0,0.0,1.1,0.0
152,d3875568,45.0,45.0,40.0,,0.0,1.0,1.0,1.0,0.0,0.2,1.0
153,d11851315,,,,,0.0,1.0,1.0,1.0,0.0,0.7,0.0
154,d12172104,,,,,0.0,1.0,1.0,1.0,0.0,1.0,0.0
155,d10365762,,,,,,,,,,,
156,d720981,45.0,45.0,40.0,40.0,0.0,1.0,1.0,1.0,0.0,0.6,1.0
157,d4924474,35.0,35.0,40.0,35.0,0.0,1.0,1.0,1.0,0.0,4.6,0.0
158,d7364422,45.0,45.0,45.0,,0.0,1.0,1.0,1.0,0.0,2.2,0.0
159,d753088,,,,,0.0,1.0,1.0,1.0,0.0,0.4,0.0
160,d8015665,40.0,40.0,35.0,,0.0,1.0,1.0,1.0,0.0,0.0,0.0
161,d12673809,35.0,35.0,35.0,40.0,0.0,1.0,1.0,1.0,0.0,0.1,0.0
162,d12662600,,,,,0.0,1.0,1.0,1.0,0.0,1.2,0.0
163,d5820527,,,,,0.0,1.0,1.0,1.0,0.0,,0.0
164,d5796259,35.0,30.0,35.0,,0.0,1.0,1.0,1.0,0.0,0.9,0.0
165,d2570956,45.0,45.0,40.0,40.0,0.0,1.0,1.0,1.0,0.0,1.1,0.0
166,d4548040,40.0,40.0,40.0,,0.0,1.0,1.0,1.0,0.0,1.6,1.0
167,d6016792,30.0,35.0,30.0,,0.0,1.0,1.0,1.0,0.0,0.6,0.0
168,d8580647,,,,,0.0,1.0,1.0,1.0,0.0,0.9,0.0
169,d3589838,35.0,30.0,25.0,30.0,0.0,1.0,1.0,1.0,0.0,,0.0
170,d4919056,45.0,45.0,45.0,,0.0,1.0,1.0,1.0,0.0,1.7,0.0
171,d9697464,,,,,,,,,,,
172,d10454720,45.0,45.0,45.0,,0.0,1.0,1.0,1.0,0.0,0.4,0.0
173,d7214386,45.0,45.0,45.0,,0.0,1.0,1.0,1.0,0.0,0.2,1.0
174,d3173374,,30.0,35.0,30.0,0.0,1.0,1.0,1.0,0.0,,0.0
175,d5223231,40.0,40.0,40.0,35.0,0.0,1.0,1.0,1.0,0.0,,0.0
176,d2244203,35.0,25.0,30.0,,0.0,1.0,1.0,1.0,0.0,1.4,0.0
177,d1513516,45.0,45.0,40.0,40.0,0.0,1.0,1.0,1.0,0.0,,0.0
178,d7728883,40.0,40.0,35.0,,0.0,1.0,1.0,1.0,0.0,0.8,0.0
179,d8339695,,,,,0.0,1.0,1.0,1.0,0.0,,0.0
180,d8155349,35.0,35.0,35.0,,0.0,1.0,1.0,1.0,0.0,0.7,0.0
181,d6767680,50.0,50.0,50.0,,0.0,1.0,1.0,1.0,0.0,,0.0
182,d5541820,,,,,,,,,,,
183,d8665097,,,,,0.0,1.0,1.0,1.0,0.0,2.1,0.0
184,d12953643,,,,,0.0,1.0,1.0,1.0,0.0,0.9,0.0
185,d12438576,40.0,45.0,40.0,,0.0,1.0,1.0,1.0,0.0,,0.0
186,d9742064,,,,,0.0,1.0,1.0,1.0,0.0,1.3,0.0
187,d8788264,45.0,45.0,50.0,,0.0,1.0,1.0,1.0,0.0,0.3,1.0
188,d1180250,35.0,35.0,30.0,35.0,0.0,1.0,1.0,1.0,0.0,0.3,0.0
189,d12373265,40.0,40.0,40.0,,0.0,1.0,1.0,1.0,0.0,2.2,0.0
190,d7314013,,,,,0.0,1.0,1.0,1.0,0.0,0.3,0.0
191,d8485362,35.0,30.0,35.0,,0.0,1.0,1.0,1.0,0.0,0.3,0.0
192,d12010367,40.0,40.0,35.0,40.0,0.0,1.0,1.0,1.0,0.0,1.3,1.0
193,d1381958,,,,,0.0,1.0,1.0,1.0,0.0,0.4,0.0
194,d4128981,35.0,40.0,35.0,40.0,0.0,1.0,1.0,1.0,0.0,0.2,0.0
195,d6014189,50.0,50.0,40.0,45.0,0.0,1.0,1.0,1.0,0.0,,0.0
196,d1359197,40.0,45.0,40.0,,0.0,1.0,1.0,1.0,0.0,1.8,0.0
197,d2371552,,,,,,,,,,,
198,d8653477,,,,,0.0,1.0,1.0,1.0,0.0,0.5,0.0
199,d4772013,45.0,45.0,40.0,45.0,0.0,1.0,1.0,1.0,0.0,1.1,0.0
200,d1114749,,,,,0.0,1.0,1.0,1.0,0.0,,0.0
201,d2365069,45.0,45.0,40.0,40.0,0.0,1.0,1.0,1.0,0.0,0.5,1.0
202,d6816838,45.0,45.0,45.0,45.0,0.0,1.0,1.0,1.0,0.0,0.4,1.0
203,d3609285,45.0,45.0,45.0,40.0,0.0,1.0,1.0,1.0,0.0,0.9,1.0
204,d8484580,,,,,0.0,1.0,1.0,1.0,0.0,0.3,0.0
205,d12310132,45.0,45.0,45.0,,0.0,1.0,1.0,1.0,0.0,0.0,1.0
206,d3626794,40.0,35.0,35.0,40.0,0.0,1.0,1.0,1.0,0.0,0.2,0.0
207,d12419687,40.0,40.0,,,0.0,1.0,1.0,1.0,0.0,2.3,0.0
208,d733503,45.0,45.0,40.0,35.0,0.0,1.0,1.0,1.0,0.0,2.2,0.0
209,d9555361,40.0,40.0,45.0,,0.0,1.0,1.0,1.0,0.0,0.2,0.0
210,d2280632,45.0,40.0,40.0,40.0,0.0,1.0,1.0,1.0,0.0,1.4,1.0
211,d5616724,35.0,35.0,30.0,,0.0,1.0,1.0,1.0,0.0,0.2,0.0
212,d3139518,40.0,35.0,35.0,35.0,0.0,1.0,1.0,1.0,0.0,1.5,0.0
213,d11892937,40.0,35.0,35.0,,0.0,1.0,1.0,1.0,0.0,3.9,0.0
214,d10598315,,,,,0.0,1.0,1.0,1.0,0.0,0.1,0.0
215,d3454180,,,,,,,,,,,
216,d717275,40.0,35.0,40.0,40.0,0.0,1.0,1.0,1.0,0.0,0.2,0.0
217,d11804444,,,,,0.0,1.0,1.0,1.0,0.0,0.7,0.0
218,d1994700,45.0,45.0,40.0,40.0,0.0,1.0,1.0,1.0,0.0,0.4,1.0
219,d3627031,40.0,40.0,35.0,40.0,0.0,1.0,1.0,1.0,0.0,0.9,0.0
220,d1337304,35.0,40.0,35.0,35.0,0.0,1.0,1.0,1.0,0.0,0.3,0.0
221,d12900078,,,,,0.0,1.0,1.0,1.0,0.0,1.1,0.0
222,d1391282,45.0,40.0,40.0,35.0,0.0,1.0,1.0,1.0,0.0,,1.0
223,d6946218,40.0,45.0,45.0,45.0,0.0,1.0,1.0,1.0,0.0,,1.0
224,d3989692,45.0,45.0,45.0,45.0,0.0,1.0,1.0,1.0,0.0,0.6,0.0
225,d2305090,35.0,35.0,35.0,35.0,0.0,1.0,1.0,1.0,0.0,,0.0
226,d9846374,,,,,0.0,1.0,1.0,1.0,0.0,0.9,0.0
227,d10040653,40.0,40.0,40.0,,0.0,1.0,1.0,1.0,0.0,0.2,0.0
228,d12580558,40.0,40.0,35.0,,0.0,1.0,1.0,1.0,0.0,0.3,1.0
229,d1124172,40.0,40.0,40.0,35.0,0.0,1.0,1.0,1.0,0.0,0.2,0.0
230,d4324011,40.0,40.0,35.0,35.0,0.0,1.0,1.0,1.0,0.0,0.7,0.0
231,d4506959,,,,,,,,,,,
232,d10390082,,,,,0.0,1.0,1.0,1.0,0.0,0.2,0.0
233,d2714968,45.0,40.0,45.0,40.0,0.0,1.0,1.0,1.0,0.0,,1.0
234,d6107752,45.0,45.0,45.0,,0.0,1.0,1.0,1.0,0.0,,0.0
235,d11948178,50.0,50.0,50.0,,0.0,1.0,1.0,1.0,0.0,,0.0
236,d6433593,40.0,45.0,35.0,40.0,0.0,1.0,1.0,1.0,0.0,0.3,0.0
237,d12909070,,,,,0.0,1.0,1.0,1.0,0.0,,0.0
238,d2542620,40.0,40.0,40.0,40.0,0.0,1.0,1.0,1.0,0.0,0.2,1.0
239,d2257007,45.0,45.0,45.0,45.0,0.0,1.0,1.0,1.0,0.0,,0.0
240,d2449537,,,,,0.0,1.0,1.0,1.0,0.0,1.5,0.0
241,d1344132,40.0,40.0,40.0,40.0,0.0,1.0,1.0,1.0,0.0,,0.0
242,d5512401,,,,,0.0,1.0,1.0,1.0,0.0,1.5,0.0
243,d5017894,40.0,40.0,45.0,30.0,0.0,1.0,1.0,1.0,0.0,0.7,0.0
244,d4919219,30.0,30.0,30.0,,0.0,1.0,1.0,1.0,0.0,,0.0
245,d7194797,40.0,40.0,35.0,40.0,0.0,1.0,1.0,1.0,0.0,,0.0
246,d5244329,,,,,,,,,,,
247,d2516048,45.0,45.0,45.0,45.0,0.0,1.0,1.0,1.0,0.0,2.6,1.0
248,d5312810,,,,,0.0,1.0,1.0,1.0,0.0,,0.0
249,d7687645,45.0,40.0,40.0,,0.0,1.0,1.0,1.0,0.0,,0.0
250,d12452641,40.0,35.0,35.0,,0.0,1.0,1.0,1.0,0.0,0.6,0.0
251,d997514,,,,,0.0,1.0,1.0,1.0,0.0,0.4,0.0
252,d11721738,40.0,35.0,35.0,,0.0,1.0,1.0,1.0,0.0,0.1,0.0
253,d954455,35.0,40.0,35.0,45.0,0.0,1.0,1.0,1.0,0.0,0.5,0.0
254,d7364830,40.0,45.0,45.0,40.0,0.0,1.0,1.0,1.0,0.0,0.2,0.0
255,d1809460,50.0,45.0,45.0,45.0,0.0,1.0,1.0,1.0,0.0,0.1,1.0
256,d719036,45.0,45.0,40.0,40.0,0.0,1.0,1.0,1.0,0.0,0.1,1.0
257,d7079598,45.0,45.0,45.0,,0.0,1.0,1.0,1.0,0.0,1.4,0.0
258,d1467775,40.0,40.0,40.0,40.0,0.0,1.0,1.0,1.0,0.0,,0.0
259,d12637137,35.0,35.0,40.0,,0.0,1.0,1.0,1.0,0.0,,0.0
260,d1884238,40.0,40.0,40.0,35.0,0.0,1.0,1.0,1.0,0.0,0.3,0.0
261,d7281369,,,,,0.0,1.0,1.0,1.0,0.0,,0.0
262,d1017707,45.0,40.0,40.0,40.0,0.0,1.0,1.0,1.0,0.0,,1.0
263,d10766188,45.0,45.0,40.0,,0.0,1.0,1.0,1.0,0.0,0.5,1.0
264,d5532359,,,,,0.0,1.0,1.0,1.0,0.0,0.1,0.0
265,d4923271,,,,,0.0,1.0,1.0,1.0,0.0,,0.0
266,d4149556,35.0,40.0,40.0,30.0,0.0,1.0,1.0,1.0,0.0,,0.0
267,d12706517,40.0,40.0,30.0,,0.0,1.0,1.0,1.0,0.0,0.3,1.0
268,d12214912,50.0,50.0,50.0,,0.0,1.0,1.0,1.0,0.0,,0.0
269,d5801317,45.0,45.0,45.0,40.0,0.0,1.0,1.0,1.0,0.0,,1.0
270,d4925009,35.0,35.0,35.0,,0.0,1.0,1.0,1.0,0.0,1.4,0.0
271,d13326576,,,,,0.0,1.0,1.0,1.0,0.0,0.3,0.0
272,d8328280,45.0,40.0,40.0,,0.0,1.0,1.0,1.0,0.0,0.7,1.0
273,d11992842,,,,,0.0,1.0,1.0,1.0,0.0,,0.0
274,d3569485,35.0,40.0,35.0,45.0,0.0,1.0,1.0,1.0,0.0,0.5,0.0
275,d12433829,40.0,40.0,40.0,35.0,0.0,1.0,1.0,1.0,0.0,0.9,0.0
276,d10304175,40.0,40.0,35.0,,0.0,1.0,1.0,1.0,0.0,0.1,1.0
277,d3653180,,,,,0.0,1.0,1.0,1.0,0.0,0.3,0.0
278,d8139612,50.0,45.0,50.0,,0.0,1.0,1.0,1.0,0.0,0.3,0.0
279,d10763412,45.0,45.0,45.0,,0.0,1.0,1.0,1.0,0.0,0.9,0.0
280,d5503525,45.0,40.0,35.0,40.0,0.0,1.0,1.0,1.0,0.0,0.5,1.0
281,d7104417,40.0,40.0,45.0,,0.0,1.0,1.0,1.0,0.0,0.7,0.0
282,d2720564,40.0,35.0,35.0,35.0,0.0,1.0,1.0,1.0,0.0,1.0,0.0
283,d718602,40.0,40.0,40.0,35.0,0.0,1.0,1.0,1.0,0.0,0.3,1.0
284,d1026131,45.0,45.0,40.0,40.0,0.0,1.0,1.0,1.0,0.0,0.2,1.0
285,d2518308,,,,,,,,,,,
286,d12413347,,,,,0.0,1.0,1.0,1.0,0.0,0.4,0.0
287,d7724878,,,,,0.0,1.0,1.0,1.0,0.0,0.4,0.0
288,d8340062,,,,,0.0,1.0,1.0,1.0,0.0,0.4,0.0
289,d10433666,40.0,35.0,40.0,,0.0,1.0,1.0,1.0,0.0,0.2,0.0
290,d1107856,40.0,40.0,40.0,40.0,0.0,1.0,1.0,1.0,0.0,,1.0
291,d10445442,40.0,40.0,35.0,,0.0,1.0,1.0,1.0,0.0,0.1,0.0
292,d11893322,45.0,45.0,45.0,,0.0,1.0,1.0,1.0,0.0,0.1,0.0
293,d12902849,45.0,45.0,45.0,,0.0,1.0,1.0,1.0,0.0,0.4,1.0
294,d10748374,,,,,0.0,1.0,1.0,1.0,0.0,1.7,0.0
295,d11670765,,,,,0.0,1.0,1.0,1.0,0.0,0.1,0.0
296,d5818780,45.0,45.0,40.0,,0.0,1.0,1.0,1.0,0.0,0.1,0.0
297,d7827386,40.0,40.0,40.0,,0.0,1.0,1.0,1.0,0.0,1.4,1.0
298,d8120466,40.0,40.0,40.0,,0.0,1.0,1.0,1.0,0.0,,0.0
299,d12654166,,,,,0.0,1.0,1.0,1.0,0.0,1.4,0.0
300,d8508269,40.0,40.0,40.0,,0.0,1.0,1.0,1.0,0.0,0.1,0.0
301,d5113108,,,,,0.0,1.0,1.0,1.0,0.0,0.2,0.0
302,d5801054,50.0,45.0,45.0,,0.0,1.0,1.0,1.0,0.0,,0.0
303,d9744276,,,,,,,,,,,
304,d8799555,45.0,45.0,40.0,,0.0,1.0,1.0,1.0,0.0,0.5,1.0
305,d7291485,40.0,40.0,35.0,,0.0,1.0,1.0,1.0,0.0,0.5,0.0
306,d9867156,35.0,35.0,30.0,,0.0,1.0,1.0,1.0,0.0,0.2,0.0
307,d4085652,50.0,45.0,50.0,40.0,0.0,1.0,1.0,1.0,0.0,,0.0
308,d6777840,,,,,,,,,,,
309,d2319694,45.0,40.0,40.0,35.0,0.0,1.0,1.0,1.0,0.0,0.9,0.0
310,d6673541,,,,,0.0,1.0,1.0,1.0,0.0,1.7,0.0
311,d796186,45.0,45.0,45.0,45.0,0.0,1.0,1.0,1.0,0.0,0.1,1.0
312,d8631988,,,,,0.0,1.0,1.0,1.0,0.0,1.1,0.0
313,d10373783,,,,,,,,,,,
314,d4170994,45.0,40.0,40.0,,0.0,1.0,1.0,1.0,0.0,0.4,0.0
315,d8732095,,,,,0.0,1.0,1.0,1.0,0.0,,0.0
316,d12936840,45.0,50.0,40.0,,0.0,1.0,1.0,1.0,0.0,0.3,1.0
317,d12218393,40.0,40.0,35.0,,0.0,1.0,1.0,1.0,0.0,0.8,0.0
318,d3189437,30.0,30.0,30.0,30.0,0.0,1.0,1.0,1.0,0.0,0.2,0.0
319,d7143901,40.0,40.0,40.0,40.0,0.0,1.0,1.0,1.0,0.0,0.4,0.0
320,d3769367,40.0,45.0,50.0,,0.0,1.0,1.0,1.0,0.0,,0.0
321,d3519020,45.0,45.0,45.0,45.0,0.0,1.0,1.0,1.0,0.0,0.5,0.0
322,d9567367,45.0,45.0,40.0,,0.0,1.0,1.0,1.0,0.0,,0.0
323,d11707549,45.0,40.0,40.0,,0.0,1.0,1.0,1.0,0.0,0.5,0.0
324,d10456852,45.0,40.0,40.0,,0.0,1.0,1.0,1.0,0.0,0.3,0.0
325,d7287872,,,,,0.0,1.0,1.0,1.0,0.0,0.8,0.0
326,d8751939,40.0,40.0,40.0,,0.0,1.0,1.0,1.0,0.0,,0.0
327,d4755852,40.0,35.0,35.0,40.0,0.0,1.0,1.0,1.0,0.0,0.6,0.0
328,d7258778,45.0,50.0,45.0,,0.0,1.0,1.0,1.0,0.0,0.8,0.0
329,d10784904,45.0,45.0,45.0,,0.0,1.0,1.0,1.0,0.0,3.3,0.0
330,d12713935,,,,,0.0,1.0,1.0,1.0,0.0,0.3,0.0
331,d12714294,,,,,0.0,1.0,1.0,1.0,0.0,2.2,0.0
332,d12071937,40.0,40.0,40.0,,0.0,1.0,1.0,1.0,0.0,0.2,0.0
333,d3595094,40.0,40.0,30.0,35.0,0.0,1.0,1.0,1.0,0.0,1.2,0.0
334,d12051527,,,,,0.0,1.0,1.0,1.0,0.0,1.5,0.0
335,d2518621,45.0,40.0,45.0,40.0,0.0,1.0,1.0,1.0,0.0,,1.0
336,d718672,40.0,40.0,40.0,40.0,0.0,1.0,1.0,1.0,0.0,0.6,1.0
337,d10206734,40.0,40.0,40.0,,0.0,1.0,1.0,1.0,0.0,0.3,0.0
338,d3475628,45.0,45.0,45.0,40.0,0.0,1.0,1.0,1.0,0.0,0.7,1.0
339,d8452336,50.0,50.0,50.0,,0.0,1.0,1.0,1.0,0.0,,0.0
340,d2241831,,,,,0.0,1.0,1.0,1.0,0.0,,0.0
341,d10056783,45.0,45.0,45.0,,0.0,1.0,1.0,1.0,0.0,0.4,0.0
342,d7788930,25.0,35.0,25.0,,0.0,1.0,1.0,1.0,0.0,0.6,0.0
343,d795723,45.0,40.0,35.0,35.0,0.0,1.0,1.0,1.0,0.0,,0.0
344,d875450,40.0,35.0,35.0,40.0,0.0,1.0,1.0,1.0,0.0,0.2,0.0
345,d2523434,,,,,,,,,,,
346,d8364955,,,,,0.0,1.0,1.0,1.0,0.0,,0.0
347,d4770145,35.0,35.0,35.0,,0.0,1.0,1.0,1.0,0.0,,0.0
348,d11938261,,,,,0.0,1.0,1.0,1.0,0.0,0.4,0.0
349,d6354125,,,,,0.0,1.0,1.0,1.0,0.0,2.1,0.0
350,d4149899,20.0,20.0,20.0,,0.0,1.0,1.0,1.0,0.0,1.3,0.0
351,d7123259,,,,,0.0,1.0,1.0,1.0,0.0,0.8,0.0
352,d5977251,,,,,0.0,1.0,1.0,1.0,0.0,0.5,0.0
353,d3563040,40.0,40.0,40.0,35.0,0.0,1.0,1.0,1.0,0.0,0.4,0.0
354,d5526751,,,,,0.0,1.0,1.0,1.0,0.0,,0.0
355,d2349331,,,,,0.0,1.0,1.0,1.0,0.0,0.5,0.0
356,d4354052,40.0,40.0,35.0,40.0,0.0,1.0,1.0,1.0,0.0,0.1,0.0
357,d1342982,35.0,25.0,35.0,30.0,0.0,1.0,1.0,1.0,0.0,0.8,0.0
358,d5815530,45.0,45.0,45.0,,0.0,1.0,1.0,1.0,0.0,1.2,0.0
359,d718737,40.0,45.0,40.0,40.0,0.0,1.0,1.0,1.0,0.0,0.2,0.0
360,d8022629,35.0,40.0,40.0,,0.0,1.0,1.0,1.0,0.0,0.3,0.0
361,d4367622,40.0,40.0,40.0,40.0,0.0,1.0,1.0,1.0,0.0,0.2,0.0
362,d1071387,40.0,35.0,35.0,35.0,0.0,1.0,1.0,1.0,0.0,0.2,1.0
363,d2217877,30.0,35.0,40.0,45.0,0.0,1.0,1.0,1.0,0.0,0.1,0.0
364,d4167502,,,,,0.0,1.0,1.0,1.0,0.0,0.1,0.0
365,d7297021,,,,,0.0,1.0,1.0,1.0,0.0,1.9,0.0
366,d8553713,25.0,35.0,25.0,,0.0,1.0,1.0,1.0,0.0,1.0,0.0
367,d944307,25.0,30.0,20.0,25.0,0.0,1.0,1.0,1.0,0.0,0.7,0.0
368,d1014680,35.0,35.0,35.0,35.0,0.0,1.0,1.0,1.0,0.0,1.9,0.0
369,d8026772,,,,,0.0,1.0,1.0,1.0,0.0,,0.0
370,d11668546,45.0,45.0,45.0,,0.0,1.0,1.0,1.0,0.0,0.6,0.0
371,d10802628,40.0,40.0,40.0,,0.0,1.0,1.0,1.0,0.0,0.1,0.0
372,d947023,45.0,40.0,40.0,35.0,0.0,1.0,1.0,1.0,0.0,0.7,0.0
373,d1036189,40.0,35.0,35.0,35.0,0.0,1.0,1.0,1.0,0.0,,1.0
374,d743838,25.0,30.0,20.0,,0.0,1.0,1.0,1.0,0.0,2.0,0.0
375,d4506283,,,,,0.0,1.0,1.0,1.0,0.0,0.1,0.0
376,d12870454,40.0,40.0,40.0,,0.0,1.0,1.0,1.0,0.0,0.4,0.0
377,d3223915,30.0,30.0,30.0,30.0,0.0,1.0,1.0,1.0,0.0,0.1,0.0
378,d5610400,30.0,35.0,35.0,20.0,0.0,1.0,1.0,1.0,0.0,0.2,0.0
379,d9546997,,,,,0.0,1.0,1.0,1.0,0.0,1.0,0.0
380,d10469022,45.0,40.0,40.0,,0.0,1.0,1.0,1.0,0.0,0.4,0.0
381,d805968,50.0,50.0,,,0.0,1.0,1.0,1.0,0.0,0.4,1.0
382,d8497178,,,,,0.0,1.0,1.0,1.0,0.0,0.5,0.0
383,d1818784,35.0,35.0,30.0,40.0,0.0,1.0,1.0,1.0,0.0,0.2,0.0
384,d4290685,,,,,,,,,,,
385,d947699,,,,,0.0,1.0,1.0,1.0,0.0,1.3,0.0
386,d1039234,45.0,45.0,45.0,45.0,0.0,1.0,1.0,1.0,0.0,1.0,0.0
387,d12157743,,,,,,,,,,,
388,d719421,45.0,40.0,40.0,40.0,0.0,1.0,1.0,1.0,0.0,,1.0
389,d3722783,40.0,35.0,35.0,35.0,0.0,1.0,1.0,1.0,0.0,0.2,0.0
390,d4341761,,,,,,,,,,,
391,d7108665,,,,,,,,,,,
392,d5517791,35.0,35.0,40.0,35.0,0.0,1.0,1.0,1.0,0.0,0.7,0.0
393,d743408,40.0,40.0,40.0,35.0,0.0,1.0,1.0,1.0,0.0,0.1,1.0
394,d9460992,,,,,,,,,,,
395,d4703737,45.0,40.0,45.0,45.0,0.0,1.0,1.0,1.0,0.0,0.3,0.0
396,d3328292,,,,,0.0,1.0,1.0,1.0,0.0,0.3,0.0
397,d5852121,40.0,35.0,40.0,,0.0,1.0,1.0,1.0,0.0,2.2,0.0
398,d6550873,45.0,45.0,40.0,40.0,0.0,1.0,1.0,1.0,0.0,,1.0
399,d1646374,30.0,30.0,25.0,30.0,0.0,1.0,1.0,1.0,0.0,0.1,0.0
400,d5971417,40.0,45.0,40.0,,0.0,1.0,1.0,1.0,0.0,0.4,0.0
401,d5085896,,,,,,,,,,,
402,d4887793,,,,,0.0,1.0,1.0,1.0,0.0,1.3,0.0
403,d10351146,35.0,35.0,35.0,,0.0,1.0,1.0,1.0,0.0,0.6,0.0
404,d7351110,45.0,40.0,50.0,,0.0,1.0,1.0,1.0,0.0,0.5,0.0
405,d1060792,45.0,50.0,50.0,,0.0,1.0,1.0,1.0,0.0,1.4,0.0
406,d8397526,,,,,0.0,1.0,1.0,1.0,0.0,0.3,0.0
407,d12194634,,,,,0.0,1.0,1.0,1.0,0.0,1.1,0.0
408,d9858059,,,,,,,,,,,
409,d6437529,40.0,40.0,40.0,,0.0,1.0,1.0,1.0,0.0,,0.0
410,d3902683,35.0,40.0,35.0,,0.0,1.0,1.0,1.0,0.0,0.9,0.0
411,d3322944,40.0,35.0,35.0,40.0,0.0,1.0,1.0,1.0,0.0,0.3,0.0
412,d7064140,40.0,40.0,40.0,40.0,0.0,1.0,1.0,1.0,0.0,,0.0
413,d12614169,,,,,0.0,1.0,1.0,1.0,0.0,0.2,0.0
414,d732954,,,,,0.0,1.0,1.0,1.0,0.0,0.4,0.0
415,d9788415,45.0,35.0,40.0,,0.0,1.0,1.0,1.0,0.0,0.7,0.0
416,d5977332,25.0,30.0,25.0,30.0,0.0,1.0,1.0,1.0,0.0,0.1,0.0
417,d8388434,45.0,40.0,45.0,,0.0,1.0,1.0,1.0,0.0,0.4,0.0
418,d7727343,40.0,35.0,35.0,,0.0,1.0,1.0,1.0,0.0,0.3,0.0
419,d12811941,,,,,0.0,1.0,1.0,1.0,0.0,,0.0
420,d7103893,,,,,,,,,,,
421,d12322814,,,,,,,,,,,
422,d5012171,45.0,45.0,45.0,45.0,0.0,1.0,1.0,1.0,0.0,0.2,0.0
423,d10276838,40.0,40.0,35.0,,0.0,1.0,1.0,1.0,0.0,4.1,0.0
424,d991601,30.0,30.0,25.0,30.0,0.0,1.0,1.0,1.0,0.0,0.2,0.0
425,d12830313,40.0,45.0,45.0,,0.0,1.0,1.0,1.0,0.0,0.3,0.0
426,d10515284,40.0,40.0,40.0,,0.0,1.0,1.0,1.0,0.0,,0.0
427,d12362395,,,,,,,,,,,
428,d2630138,45.0,45.0,45.0,40.0,0.0,1.0,1.0,1.0,0.0,0.3,0.0
429,d5010640,45.0,45.0,45.0,40.0,0.0,1.0,1.0,1.0,0.0,,0.0
430,d12192455,45.0,45.0,40.0,,0.0,1.0,1.0,1.0,0.0,0.5,1.0
431,d694877,45.0,45.0,45.0,45.0,0.0,1.0,1.0,1.0,0.0,0.0,1.0
432,d8339733,,,,,0.0,1.0,1.0,1.0,0.0,,0.0
433,d8736974,45.0,45.0,40.0,40.0,0.0,1.0,1.0,1.0,0.0,1.2,1.0
434,d1340182,45.0,45.0,45.0,40.0,0.0,1.0,1.0,1.0,0.0,1.2,0.0
435,d5122138,,,,,0.0,1.0,1.0,1.0,0.0,0.4,0.0
436,d5003144,,,,,0.0,1.0,1.0,1.0,0.0,,0.0
437,d1117768,35.0,35.0,35.0,40.0,0.0,1.0,1.0,1.0,0.0,0.3,0.0
438,d4912159,45.0,45.0,45.0,40.0,0.0,1.0,1.0,1.0,0.0,1.4,0.0
439,d12454145,,,,,0.0,1.0,1.0,1.0,0.0,,0.0
440,d5866420,40.0,40.0,40.0,,0.0,1.0,1.0,1.0,0.0,0.6,0.0
441,d9759177,45.0,45.0,45.0,,0.0,1.0,1.0,1.0,0.0,0.5,1.0
442,d8338572,,,,,0.0,1.0,1.0,1.0,0.0,0.5,0.0
443,d6827904,,,,,,,,,,,
444,d5820891,,,,,,,,,,,
445,d8530002,,,,,0.0,1.0,1.0,1.0,0.0,2.6,0.0
446,d1343561,45.0,35.0,45.0,30.0,0.0,1.0,1.0,1.0,0.0,1.0,0.0
447,d4197459,35.0,40.0,40.0,40.0,0.0,1.0,1.0,1.0,0.0,,0.0
448,d1104475,40.0,40.0,40.0,40.0,0.0,1.0,1.0,1.0,0.0,0.8,0.0
449,d8066848,,,,,0.0,1.0,1.0,1.0,0.0,1.2,0.0
450,d6474660,40.0,40.0,40.0,,0.0,1.0,1.0,1.0,0.0,0.6,0.0
451,d13159284,45.0,45.0,45.0,,0.0,1.0,1.0,1.0,0.0,0.2,1.0
452,d12538539,45.0,45.0,45.0,,0.0,1.0,1.0,1.0,0.0,0.4,1.0
453,d8114656,35.0,35.0,35.0,,0.0,1.0,1.0,1.0,0.0,0.1,1.0
454,d13224191,,,,,0.0,1.0,1.0,1.0,0.0,0.2,0.0
455,d12151343,,,,,,,,,,,
456,d2561843,25.0,25.0,30.0,,0.0,1.0,1.0,1.0,0.0,,0.0
457,d13078737,,,,,,,,,,,
458,d1354734,,,,,0.0,1.0,1.0,1.0,0.0,0.6,0.0
459,d6362987,,,,,,,,,,,
460,d12072451,,,,,0.0,1.0,1.0,1.0,0.0,0.5,0.0
461,d7623431,45.0,45.0,45.0,,0.0,1.0,1.0,1.0,0.0,,0.0
462,d2316764,45.0,45.0,40.0,45.0,0.0,1.0,1.0,1.0,0.0,0.8,0.0
463,d11621407,45.0,45.0,40.0,,0.0,1.0,1.0,1.0,0.0,0.3,1.0
464,d2642127,,,,,0.0,1.0,1.0,1.0,0.0,0.5,0.0
465,d11756903,45.0,45.0,45.0,,0.0,1.0,1.0,1.0,0.0,0.3,0.0
466,d12145892,,,,,0.0,1.0,1.0,1.0,0.0,0.4,0.0
467,d7811898,40.0,40.0,35.0,,0.0,1.0,1.0,1.0,0.0,0.4,1.0
468,d2320795,,,,,,,,,,,
469,d6116983,,,,,,,,,,,
470,d12608458,40.0,40.0,35.0,,0.0,1.0,1.0,1.0,0.0,0.6,0.0
471,d12662018,,,,,,,,,,,
472,d11650889,,,,,0.0,1.0,1.0,1.0,0.0,0.5,0.0
473,d10170307,,,,,,,,,,,
474,d3936008,45.0,40.0,40.0,40.0,0.0,1.0,1.0,1.0,0.0,0.8,1.0
475,d877381,45.0,45.0,45.0,40.0,0.0,1.0,1.0,1.0,0.0,0.2,1.0
476,d13144085,45.0,45.0,40.0,,0.0,1.0,1.0,1.0,0.0,0.2,1.0
477,d10109526,,,,,0.0,1.0,1.0,1.0,0.0,0.6,0.0
478,d877613,40.0,45.0,40.0,35.0,0.0,1.0,1.0,1.0,0.0,0.4,0.0
479,d12833008,45.0,40.0,40.0,,0.0,1.0,1.0,1.0,0.0,0.4,0.0
480,d5513194,,,,,,,,,,,
481,d12643422,,,,,0.0,1.0,1.0,1.0,0.0,,0.0
482,d1331632,,,,,0.0,1.0,1.0,1.0,0.0,0.2,0.0
483,d948224,,,,,0.0,1.0,1.0,1.0,0.0,,0.0
484,d1379333,45.0,45.0,40.0,40.0,0.0,1.0,1.0,1.0,0.0,,0.0
485,d929166,,,,,,,,,,,
486,d10481190,50.0,50.0,50.0,,0.0,1.0,1.0,1.0,0.0,1.0,0.0
487,d4414634,40.0,35.0,35.0,40.0,0.0,1.0,1.0,1.0,0.0,0.1,0.0
488,d8440458,40.0,40.0,40.0,,0.0,1.0,1.0,1.0,0.0,2.4,0.0
489,d5603933,,,,,0.0,1.0,1.0,1.0,0.0,2.0,0.0
490,d7108727,,,,,0.0,1.0,1.0,1.0,0.0,0.2,0.0
491,d5220303,20.0,30.0,20.0,,0.0,1.0,1.0,1.0,0.0,,0.0
492,d8707524,,,,,0.0,1.0,1.0,1.0,0.0,2.3,0.0
493,d4767741,40.0,40.0,40.0,40.0,0.0,1.0,1.0,1.0,0.0,,0.0
494,d10824816,40.0,40.0,35.0,,0.0,1.0,1.0,1.0,0.0,0.5,0.0
495,d12516807,,,,,0.0,1.0,1.0,1.0,0.0,1.7,0.0
496,d3453250,40.0,40.0,45.0,40.0,0.0,1.0,1.0,1.0,0.0,1.6,0.0
497,d9994333,45.0,45.0,40.0,,0.0,1.0,1.0,1.0,0.0,0.4,1.0
498,d787944,40.0,40.0,40.0,35.0,0.0,1.0,1.0,1.0,0.0,0.6,0.0
499,d12992001,25.0,25.0,25.0,,0.0,1.0,1.0,1.0,0.0,0.1,0.0
500,d5111086,30.0,25.0,25.0,,0.0,1.0,1.0,1.0,0.0,0.7,0.0
501,d12134956,45.0,45.0,40.0,,0.0,1.0,1.0,1.0,0.0,0.2,0.0
502,d10722137,,,,,0.0,1.0,1.0,1.0,0.0,3.9,0.0
503,d5967132,40.0,45.0,40.0,,0.0,1.0,1.0,1.0,0.0,0.2,0.0
504,d3932509,35.0,40.0,40.0,,0.0,1.0,1.0,1.0,0.0,,0.0
505,d4794471,,,,,0.0,1.0,1.0,1.0,0.0,0.1,0.0
506,d12523638,,,,,,,,,,,
507,d4769786,,,,,0.0,1.0,1.0,1.0,0.0,,0.0
508,d2022172,45.0,45.0,40.0,35.0,0.0,1.0,1.0,1.0,0.0,0.2,0.0
509,d1478446,45.0,45.0,40.0,45.0,0.0,1.0,1.0,1.0,0.0,0.1,1.0
510,d1984401,,,,,,,,,,,
511,d7701632,,,,,0.0,1.0,1.0,1.0,0.0,0.4,0.0
512,d11729264,45.0,45.0,40.0,,0.0,1.0,1.0,1.0,0.0,0.1,0.0
513,d4509575,40.0,35.0,35.0,,0.0,1.0,1.0,1.0,0.0,2.3,0.0
514,d10337583,,,,,0.0,1.0,1.0,1.0,0.0,0.5,0.0
515,d10444504,40.0,40.0,40.0,,0.0,1.0,1.0,1.0,0.0,0.2,1.0
516,d2232962,,,,,0.0,1.0,1.0,1.0,0.0,1.0,0.0
517,d1356235,35.0,40.0,35.0,,0.0,1.0,1.0,1.0,0.0,2.6,0.0
518,d9853471,45.0,40.0,40.0,,0.0,1.0,1.0,1.0,0.0,0.3,1.0
519,d12912818,,,,,0.0,1.0,1.0,1.0,0.0,0.1,0.0
520,d4887864,20.0,20.0,20.0,40.0,0.0,1.0,1.0,1.0,0.0,0.1,0.0
521,d7123376,,,,,0.0,1.0,1.0,1.0,0.0,,0.0
522,d9974425,45.0,45.0,40.0,,0.0,1.0,1.0,1.0,0.0,0.0,0.0
523,d4261949,40.0,35.0,35.0,40.0,0.0,1.0,1.0,1.0,0.0,1.2,0.0
524,d717898,40.0,40.0,40.0,35.0,0.0,1.0,1.0,1.0,0.0,0.3,1.0
525,d1501537,35.0,35.0,40.0,35.0,0.0,1.0,1.0,1.0,0.0,0.1,0.0
526,d5608955,30.0,30.0,30.0,,0.0,1.0,1.0,1.0,0.0,0.8,0.0
527,d8414789,40.0,40.0,40.0,,0.0,1.0,1.0,1.0,0.0,0.1,0.0
528,d6704233,35.0,35.0,30.0,40.0,0.0,1.0,1.0,1.0,0.0,0.5,0.0
529,d7286031,,,,,,,,,,,
530,d4882979,35.0,40.0,35.0,35.0,0.0,1.0,1.0,1.0,0.0,1.1,0.0
531,d3748874,,,,,,,,,,,
532,d12124670,45.0,45.0,45.0,,0.0,1.0,1.0,1.0,0.0,0.4,0.0
533,d1341330,50.0,50.0,45.0,,0.0,1.0,1.0,1.0,0.0,0.2,0.0
534,d816667,35.0,35.0,35.0,35.0,0.0,1.0,1.0,1.0,0.0,0.3,0.0
535,d12639498,45.0,50.0,50.0,,0.0,1.0,1.0,1.0,0.0,0.7,0.0
536,d7009439,45.0,45.0,40.0,,0.0,1.0,1.0,1.0,0.0,3.4,0.0
537,d12437853,,,,,0.0,1.0,1.0,1.0,0.0,0.6,0.0
538,d10343471,50.0,50.0,45.0,,0.0,1.0,1.0,1.0,0.0,1.5,0.0
539,d944122,30.0,30.0,30.0,,0.0,1.0,1.0,1.0,0.0,0.2,0.0
540,d6807179,,,,,,,,,,,
541,d715424,45.0,40.0,40.0,40.0,0.0,1.0,1.0,1.0,0.0,0.4,0.0
542,d6845079,35.0,35.0,30.0,45.0,0.0,1.0,1.0,1.0,0.0,0.2,0.0
543,d717406,40.0,40.0,40.0,40.0,0.0,1.0,1.0,1.0,0.0,0.2,0.0
544,d12610234,45.0,45.0,45.0,,0.0,1.0,1.0,1.0,0.0,0.7,1.0
545,d6160291,45.0,40.0,40.0,40.0,0.0,1.0,1.0,1.0,0.0,,0.0
546,d7741662,45.0,45.0,45.0,,0.0,1.0,1.0,1.0,0.0,,0.0
547,d1044934,40.0,40.0,35.0,40.0,0.0,1.0,1.0,1.0,0.0,0.8,0.0
548,d10796071,45.0,45.0,40.0,,0.0,1.0,1.0,1.0,0.0,1.0,1.0
549,d8393826,,,,,,,,,,,
550,d8341129,,,,,0.0,1.0,1.0,1.0,0.0,,0.0
551,d8633562,40.0,,40.0,,0.0,1.0,1.0,1.0,0.0,,0.0
552,d2532019,45.0,50.0,40.0,45.0,0.0,1.0,1.0,1.0,0.0,2.7,0.0
553,d2693819,40.0,40.0,40.0,35.0,0.0,1.0,1.0,1.0,0.0,0.3,1.0
554,d2718079,,,,,0.0,1.0,1.0,1.0,0.0,,0.0
555,d12079826,,,,,0.0,1.0,1.0,1.0,0.0,,0.0
556,d11793938,50.0,50.0,50.0,,0.0,1.0,1.0,1.0,0.0,1.3,0.0
557,d12208421,30.0,35.0,35.0,,0.0,1.0,1.0,1.0,0.0,,0.0
558,d696592,40.0,40.0,30.0,35.0,0.0,1.0,1.0,1.0,0.0,0.2,0.0
559,d12434687,,,,,0.0,1.0,1.0,1.0,0.0,2.1,0.0
560,d12598927,30.0,25.0,35.0,,0.0,1.0,1.0,1.0,0.0,1.4,0.0
561,d988061,40.0,40.0,40.0,35.0,0.0,1.0,1.0,1.0,0.0,0.2,1.0
562,d3810336,,,,,0.0,1.0,1.0,1.0,0.0,0.4,0.0
563,d1320175,,,,,0.0,1.0,1.0,1.0,0.0,,0.0
564,d10844418,40.0,35.0,40.0,,0.0,1.0,1.0,1.0,0.0,0.2,0.0
565,d10755939,,,,,0.0,1.0,1.0,1.0,0.0,0.2,0.0
566,d1057663,35.0,35.0,30.0,35.0,0.0,1.0,1.0,1.0,0.0,0.4,0.0
567,d7057561,35.0,35.0,35.0,25.0,0.0,1.0,1.0,1.0,0.0,0.3,0.0
568,d3746280,45.0,45.0,40.0,45.0,0.0,1.0,1.0,1.0,0.0,0.1,0.0
569,d2104240,45.0,45.0,45.0,45.0,0.0,1.0,1.0,1.0,0.0,0.6,1.0
570,d1911830,45.0,40.0,45.0,35.0,0.0,1.0,1.0,1.0,0.0,0.1,1.0
571,d2012011,,,,,0.0,1.0,1.0,1.0,0.0,0.3,0.0
572,d11952841,,,,,0.0,1.0,1.0,1.0,0.0,2.0,0.0
573,d3734232,40.0,40.0,40.0,40.0,0.0,1.0,1.0,1.0,0.0,2.2,0.0
574,d1104924,25.0,25.0,25.0,35.0,0.0,1.0,1.0,1.0,0.0,0.3,0.0
575,d2525794,40.0,35.0,35.0,40.0,0.0,1.0,1.0,1.0,0.0,0.3,0.0
576,d11724859,45.0,40.0,40.0,,0.0,1.0,1.0,1.0,0.0,0.9,1.0
577,d10007089,40.0,40.0,45.0,,0.0,1.0,1.0,1.0,0.0,0.2,0.0
578,d9565409,35.0,35.0,35.0,,0.0,1.0,1.0,1.0,0.0,,0.0
579,d2702973,35.0,35.0,35.0,,0.0,1.0,1.0,1.0,0.0,1.5,0.0
580,d3905468,45.0,40.0,40.0,40.0,0.0,1.0,1.0,1.0,0.0,0.3,0.0
581,d7345271,,,,,,,,,,,
582,d719170,45.0,45.0,40.0,45.0,0.0,1.0,1.0,1.0,0.0,0.1,1.0
583,d12438456,25.0,30.0,25.0,,0.0,1.0,1.0,1.0,0.0,0.3,0.0
584,d13167715,,,,,0.0,1.0,1.0,1.0,0.0,3.7,0.0
585,d12411515,40.0,40.0,35.0,,0.0,1.0,1.0,1.0,0.0,,1.0
586,d5506579,,,,,0.0,1.0,1.0,1.0,0.0,1.4,0.0
587,d10838422,,,,,0.0,1.0,1.0,1.0,0.0,4.1,0.0
588,d4243443,,,,,,,,,,,
589,d4004885,40.0,45.0,40.0,40.0,0.0,1.0,1.0,1.0,0.0,,1.0
590,d919359,40.0,40.0,40.0,,0.0,1.0,1.0,1.0,0.0,1.7,0.0
591,d2697556,,,,,0.0,1.0,1.0,1.0,0.0,0.1,0.0
592,d8802169,,,,,0.0,1.0,1.0,1.0,0.0,0.6,0.0
593,d1745328,45.0,45.0,40.0,40.0,0.0,1.0,1.0,1.0,0.0,0.8,1.0
594,d5889308,40.0,35.0,40.0,,0.0,1.0,1.0,1.0,0.0,0.8,0.0
595,d4563349,,,,,0.0,1.0,1.0,1.0,0.0,1.4,0.0
596,d7139647,35.0,40.0,40.0,,0.0,1.0,1.0,1.0,0.0,0.1,0.0
597,d5262443,,,,,0.0,1.0,1.0,1.0,0.0,1.2,0.0
598,d5532344,40.0,40.0,40.0,,0.0,1.0,1.0,1.0,0.0,1.2,0.0
599,d1074464,35.0,35.0,35.0,35.0,0.0,1.0,1.0,1.0,0.0,0.4,0.0
600,d11916598,35.0,35.0,35.0,,0.0,1.0,1.0,1.0,0.0,0.5,0.0
601,d3737984,40.0,40.0,40.0,40.0,0.0,1.0,1.0,1.0,0.0,,0.0
602,d2226705,,,,,,,,,,,
603,d4282114,,,,,0.0,1.0,1.0,1.0,0.0,0.3,0.0
604,d4363779,40.0,40.0,35.0,45.0,0.0,1.0,1.0,1.0,0.0,0.5,1.0
605,d10138414,,,,,0.0,1.0,1.0,1.0,0.0,0.8,0.0
606,d11814754,40.0,35.0,40.0,,0.0,1.0,1.0,1.0,0.0,0.7,0.0
607,d5507530,,,,,0.0,1.0,1.0,1.0,0.0,,0.0
608,d5521656,,,,,0.0,1.0,1.0,1.0,0.0,1.9,0.0
609,d10696777,35.0,35.0,35.0,,0.0,1.0,1.0,1.0,0.0,0.4,0.0
610,d1643207,40.0,40.0,40.0,40.0,0.0,1.0,1.0,1.0,0.0,0.2,1.0
611,d12689844,40.0,40.0,40.0,,0.0,1.0,1.0,1.0,0.0,1.4,0.0
612,d8766179,,,,,,,,,,,
613,d2443318,45.0,40.0,45.0,40.0,0.0,1.0,1.0,1.0,0.0,0.6,0.0
614,d7315033,30.0,30.0,30.0,,0.0,1.0,1.0,1.0,0.0,0.2,0.0
615,d12398846,50.0,45.0,45.0,,0.0,1.0,1.0,1.0,0.0,0.9,1.0
616,d3821613,45.0,40.0,40.0,40.0,0.0,1.0,1.0,1.0,0.0,0.8,1.0
617,d3561472,40.0,40.0,40.0,40.0,0.0,1.0,1.0,1.0,0.0,0.4,0.0
618,d9857188,45.0,45.0,45.0,,0.0,1.0,1.0,1.0,0.0,0.4,1.0
619,d4831021,40.0,40.0,40.0,40.0,0.0,1.0,1.0,1.0,0.0,0.2,1.0
620,d7023261,50.0,50.0,50.0,,0.0,1.0,1.0,1.0,0.0,0.9,0.0
621,d1035391,45.0,40.0,40.0,35.0,0.0,1.0,1.0,1.0,0.0,0.2,1.0
622,d2032859,40.0,40.0,40.0,35.0,0.0,1.0,1.0,1.0,0.0,0.1,1.0
623,d2320334,40.0,35.0,35.0,40.0,0.0,1.0,1.0,1.0,0.0,,0.0
624,d5519325,,,,,,,,,,,
625,d4288234,30.0,30.0,30.0,30.0,0.0,1.0,1.0,1.0,0.0,0.2,0.0
626,d7812069,40.0,40.0,35.0,,0.0,1.0,1.0,1.0,0.0,0.5,0.0
627,d3567994,45.0,45.0,45.0,40.0,0.0,1.0,1.0,1.0,0.0,0.5,0.0
628,d719043,40.0,40.0,40.0,40.0,0.0,1.0,1.0,1.0,0.0,,0.0
629,d10304281,45.0,30.0,40.0,,0.0,1.0,1.0,1.0,0.0,1.3,0.0
630,d8745635,40.0,40.0,40.0,,0.0,1.0,1.0,1.0,0.0,0.6,1.0
631,d4715035,40.0,35.0,35.0,25.0,0.0,1.0,1.0,1.0,0.0,0.3,0.0
632,d3933260,,,,,0.0,1.0,1.0,1.0,0.0,,0.0
633,d8341999,,,,,0.0,1.0,1.0,1.0,0.0,1.7,0.0
634,d7603746,,,,,,,,,,,
635,d10062190,35.0,40.0,35.0,,0.0,1.0,1.0,1.0,0.0,2.6,0.0
636,d10226391,45.0,45.0,40.0,,0.0,1.0,1.0,1.0,0.0,0.3,0.0
637,d719048,40.0,40.0,35.0,40.0,0.0,1.0,1.0,1.0,0.0,,0.0
638,d12535822,40.0,40.0,35.0,,0.0,1.0,1.0,1.0,0.0,0.4,0.0
639,d10054994,,,,,0.0,1.0,1.0,1.0,0.0,2.2,0.0
640,d8286559,45.0,40.0,40.0,,0.0,1.0,1.0,1.0,0.0,0.4,0.0
641,d7284563,,,,,0.0,1.0,1.0,1.0,0.0,,0.0
642,d5792596,,,,,,,,,,,
643,d4305921,,,,,0.0,1.0,1.0,1.0,0.0,,0.0
644,d5517686,45.0,35.0,45.0,,0.0,1.0,1.0,1.0,0.0,3.9,0.0
645,d12395867,,,,,0.0,1.0,1.0,1.0,0.0,0.3,0.0
646,d3742785,45.0,45.0,45.0,40.0,0.0,1.0,1.0,1.0,0.0,0.1,1.0
647,d4481376,,,,,0.0,1.0,1.0,1.0,0.0,,0.0
648,d7124372,,,,,0.0,1.0,1.0,1.0,0.0,4.6,0.0
649,d6466802,30.0,30.0,30.0,,0.0,1.0,1.0,1.0,0.0,,0.0
650,d5768321,45.0,45.0,40.0,,0.0,1.0,1.0,1.0,0.0,1.1,0.0
651,d10348179,35.0,30.0,25.0,,0.0,1.0,1.0,1.0,0.0,0.3,0.0
652,d1903231,40.0,40.0,35.0,40.0,0.0,1.0,1.0,1.0,0.0,1.2,1.0
653,d12068318,,,,,0.0,1.0,1.0,1.0,0.0,0.2,0.0
654,d7714652,40.0,40.0,40.0,40.0,0.0,1.0,1.0,1.0,0.0,0.1,1.0
655,d1056379,35.0,35.0,35.0,35.0,0.0,1.0,1.0,1.0,0.0,,0.0
656,d1727978,40.0,40.0,40.0,40.0,0.0,1.0,1.0,1.0,0.0,0.1,1.0
657,d12323734,,,,,0.0,1.0,1.0,1.0,0.0,,0.0
658,d844484,40.0,35.0,40.0,35.0,0.0,1.0,1.0,1.0,0.0,1.6,0.0
659,d4453379,45.0,45.0,45.0,45.0,0.0,1.0,1.0,1.0,0.0,0.4,1.0
660,d11824050,40.0,45.0,40.0,,0.0,1.0,1.0,1.0,0.0,0.8,0.0
661,d12930608,35.0,40.0,30.0,,0.0,1.0,1.0,1.0,0.0,0.9,0.0
662,d3807704,35.0,45.0,,,0.0,1.0,1.0,1.0,0.0,0.8,0.0
663,d5795667,,,,,,,,,,,
664,d10321552,,,,,0.0,1.0,1.0,1.0,0.0,0.1,0.0
665,d3516306,45.0,40.0,40.0,35.0,0.0,1.0,1.0,1.0,0.0,,0.0
666,d7835670,,,,,0.0,1.0,1.0,1.0,0.0,0.2,0.0
667,d7045736,,,,,0.0,1.0,1.0,1.0,0.0,,0.0
668,d1841402,30.0,30.0,30.0,30.0,0.0,1.0,1.0,1.0,0.0,,0.0
669,d5513738,,,,,0.0,1.0,1.0,1.0,0.0,2.3,0.0
670,d7062082,,,,,,,,,,,
671,d4242121,25.0,25.0,30.0,35.0,0.0,1.0,1.0,1.0,0.0,0.4,0.0
672,d1200317,35.0,35.0,40.0,30.0,0.0,1.0,1.0,1.0,0.0,0.7,0.0
673,d12416567,,,,,0.0,1.0,1.0,1.0,0.0,0.3,0.0
674,d8462247,35.0,40.0,40.0,,0.0,1.0,1.0,1.0,0.0,0.5,0.0
675,d12611067,,,,,,,,,,,
676,d987851,40.0,40.0,35.0,40.0,0.0,1.0,1.0,1.0,0.0,1.8,0.0
677,d3682984,20.0,20.0,20.0,35.0,0.0,1.0,1.0,1.0,0.0,0.1,0.0
678,d7234492,,,,,0.0,1.0,1.0,1.0,0.0,0.6,0.0
679,d10494492,,,,,,,,,,,
680,d5443514,40.0,40.0,40.0,45.0,0.0,1.0,1.0,1.0,0.0,3.0,0.0
681,d9804458,40.0,45.0,40.0,,0.0,1.0,1.0,1.0,0.0,0.7,0.0
682,d732097,,40.0,40.0,,0.0,1.0,1.0,1.0,0.0,,0.0
683,d7123339,,,,,0.0,1.0,1.0,1.0,0.0,,0.0
684,d10356334,,,,,0.0,1.0,1.0,1.0,0.0,1.0,0.0
685,d991066,45.0,40.0,40.0,35.0,0.0,1.0,1.0,1.0,0.0,0.3,1.0
686,d2161195,40.0,40.0,40.0,30.0,0.0,1.0,1.0,1.0,0.0,,0.0
687,d9866008,30.0,30.0,30.0,,0.0,1.0,1.0,1.0,0.0,0.7,0.0
688,d2055704,45.0,40.0,45.0,40.0,0.0,1.0,1.0,1.0,0.0,0.5,0.0
689,d11756499,45.0,40.0,45.0,,0.0,1.0,1.0,1.0,0.0,0.7,0.0
690,d11802036,,,,,0.0,1.0,1.0,1.0,0.0,2.5,0.0
691,d8461856,,,,,0.0,1.0,1.0,1.0,0.0,,0.0
692,d942184,40.0,40.0,40.0,40.0,0.0,1.0,1.0,1.0,0.0,,0.0
693,d12839024,,,,,0.0,1.0,1.0,1.0,0.0,1.2,0.0
694,d715349,40.0,45.0,40.0,40.0,0.0,1.0,1.0,1.0,0.0,1.0,1.0
695,d2069492,40.0,35.0,40.0,30.0,0.0,1.0,1.0,1.0,0.0,0.6,0.0
696,d12162552,45.0,45.0,40.0,,0.0,1.0,1.0,1.0,0.0,0.4,1.0
697,d3337318,45.0,45.0,45.0,45.0,0.0,1.0,1.0,1.0,0.0,0.1,1.0
698,d12599659,,,,,,,,,,,
699,d10554015,45.0,45.0,45.0,,0.0,1.0,1.0,1.0,0.0,0.2,0.0
700,d5956891,45.0,40.0,45.0,,0.0,1.0,1.0,1.0,0.0,,0.0
701,d3478880,40.0,35.0,40.0,,0.0,1.0,1.0,1.0,0.0,0.8,0.0
702,d7688421,45.0,45.0,45.0,,0.0,1.0,1.0,1.0,0.0,1.4,1.0
703,d10465341,45.0,45.0,45.0,,0.0,1.0,1.0,1.0,0.0,0.1,0.0
704,d5617412,,,,,,,,,,,
705,d8704716,,,,,0.0,1.0,1.0,1.0,0.0,0.4,0.0
706,d10304970,40.0,40.0,45.0,,0.0,1.0,1.0,1.0,0.0,2.5,0.0
707,d7215853,40.0,40.0,40.0,,0.0,1.0,1.0,1.0,0.0,0.1,0.0
708,d7288022,45.0,45.0,40.0,,0.0,1.0,1.0,1.0,0.0,0.4,0.0
709,d2706475,30.0,30.0,25.0,,0.0,1.0,1.0,1.0,0.0,1.5,0.0
710,d10226638,,,,,,,,,,,
711,d4225335,45.0,45.0,45.0,40.0,0.0,1.0,1.0,1.0,0.0,1.2,0.0
712,d12207955,35.0,35.0,40.0,,0.0,1.0,1.0,1.0,0.0,0.5,0.0
713,d5825678,40.0,35.0,40.0,35.0,0.0,1.0,1.0,1.0,0.0,0.3,0.0
714,d1326612,40.0,45.0,40.0,45.0,0.0,1.0,1.0,1.0,0.0,,1.0
715,d7604711,45.0,45.0,45.0,,0.0,1.0,1.0,1.0,0.0,,0.0
716,d1044516,,,,,0.0,1.0,1.0,1.0,0.0,0.4,0.0
717,d1954163,45.0,45.0,40.0,45.0,0.0,1.0,1.0,1.0,0.0,,1.0
718,d7123772,,,,,0.0,1.0,1.0,1.0,0.0,,0.0
719,d3863423,45.0,40.0,45.0,40.0,0.0,1.0,1.0,1.0,0.0,0.6,0.0
720,d13223254,,,,,0.0,1.0,1.0,1.0,0.0,0.6,0.0
721,d5794880,35.0,30.0,35.0,,0.0,1.0,1.0,1.0,0.0,0.9,0.0
722,d1089859,45.0,45.0,40.0,40.0,0.0,1.0,1.0,1.0,0.0,1.9,0.0
723,d8791656,40.0,40.0,40.0,,0.0,1.0,1.0,1.0,0.0,0.4,0.0
724,d1504635,30.0,35.0,30.0,25.0,0.0,1.0,1.0,1.0,0.0,0.4,0.0
725,d4504580,40.0,40.0,35.0,40.0,0.0,1.0,1.0,1.0,0.0,1.1,1.0
726,d3207179,40.0,40.0,40.0,45.0,0.0,1.0,1.0,1.0,0.0,0.1,0.0
727,d10497840,45.0,45.0,40.0,,0.0,1.0,1.0,1.0,0.0,0.3,0.0
728,d10697247,45.0,45.0,40.0,,0.0,1.0,1.0,1.0,0.0,0.2,1.0
729,d730383,,,,,0.0,1.0,1.0,1.0,0.0,1.3,0.0
730,d9805995,,,,,0.0,1.0,1.0,1.0,0.0,2.2,0.0
731,d7629581,35.0,40.0,35.0,,0.0,1.0,1.0,1.0,0.0,0.0,0.0
732,d1641167,45.0,45.0,40.0,40.0,0.0,1.0,1.0,1.0,0.0,0.3,1.0
733,d7907494,45.0,40.0,40.0,,0.0,1.0,1.0,1.0,0.0,0.9,0.0
734,d696273,45.0,45.0,45.0,45.0,0.0,1.0,1.0,1.0,0.0,,1.0
735,d1389133,45.0,45.0,45.0,40.0,0.0,1.0,1.0,1.0,0.0,0.2,1.0
736,d10375857,,,,,0.0,1.0,1.0,1.0,0.0,0.3,0.0
737,d718628,45.0,40.0,40.0,35.0,0.0,1.0,1.0,1.0,0.0,0.2,1.0
738,d7342177,40.0,40.0,40.0,,0.0,1.0,1.0,1.0,0.0,1.2,0.0
739,d1161914,40.0,35.0,40.0,40.0,0.0,1.0,1.0,1.0,0.0,0.1,1.0
740,d3347841,30.0,30.0,30.0,,0.0,1.0,1.0,1.0,0.0,1.3,0.0
741,d857903,35.0,40.0,35.0,35.0,0.0,1.0,1.0,1.0,0.0,,0.0
742,d1367467,40.0,45.0,40.0,40.0,0.0,1.0,1.0,1.0,0.0,0.1,1.0
743,d12802601,,,,,0.0,1.0,1.0,1.0,0.0,0.2,0.0
744,d11832181,,,,,0.0,1.0,1.0,1.0,0.0,4.9,0.0
745,d13225068,45.0,45.0,40.0,,0.0,1.0,1.0,1.0,0.0,,0.0
746,d6541738,35.0,30.0,35.0,30.0,0.0,1.0,1.0,1.0,0.0,0.3,0.0
747,d9711359,,,,,,,,,,,
748,d10454189,35.0,40.0,35.0,,0.0,1.0,1.0,1.0,0.0,0.1,0.0
749,d10517399,,,,,0.0,1.0,1.0,1.0,0.0,0.5,0.0
750,d783996,45.0,40.0,40.0,30.0,0.0,1.0,1.0,1.0,0.0,1.7,0.0
751,d4505178,35.0,40.0,35.0,30.0,0.0,1.0,1.0,1.0,0.0,0.6,0.0
752,d10400039,40.0,45.0,40.0,,0.0,1.0,1.0,1.0,0.0,0.4,0.0
753,d10521562,,,,,0.0,1.0,1.0,1.0,0.0,0.1,0.0
754,d4910667,45.0,45.0,45.0,,0.0,1.0,1.0,1.0,0.0,1.3,0.0
755,d5122283,35.0,25.0,35.0,,0.0,1.0,1.0,1.0,0.0,,0.0
756,d8651920,,,,,0.0,1.0,1.0,1.0,0.0,0.8,0.0
757,d10483786,,,,,0.0,1.0,1.0,1.0,0.0,,0.0
758,d8857538,,,,,0.0,1.0,1.0,1.0,0.0,1.0,0.0
759,d11929290,40.0,45.0,45.0,,0.0,1.0,1.0,1.0,0.0,0.5,0.0
760,d12146201,35.0,40.0,35.0,,0.0,1.0,1.0,1.0,0.0,0.2,0.0
761,d1674251,35.0,30.0,35.0,,0.0,1.0,1.0,1.0,0.0,0.7,0.0
762,d1367333,45.0,50.0,40.0,45.0,0.0,1.0,1.0,1.0,0.0,0.4,1.0
763,d7194365,,,,,0.0,1.0,1.0,1.0,0.0,,0.0
764,d9789972,,,,,0.0,1.0,1.0,1.0,0.0,0.9,0.0
765,d1119496,45.0,45.0,40.0,40.0,0.0,1.0,1.0,1.0,0.0,0.3,0.0
766,d4609400,30.0,30.0,35.0,25.0,0.0,1.0,1.0,1.0,0.0,0.3,0.0
767,d5977515,35.0,35.0,40.0,,0.0,1.0,1.0,1.0,0.0,0.3,0.0
768,d6973248,45.0,45.0,45.0,,0.0,1.0,1.0,1.0,0.0,0.6,0.0
769,d990774,,,,,,,,,,,
770,d10231160,,,,,0.0,1.0,1.0,1.0,0.0,0.4,0.0
771,d12476558,40.0,35.0,40.0,,0.0,1.0,1.0,1.0,0.0,0.2,0.0
772,d1166948,40.0,40.0,40.0,40.0,0.0,1.0,1.0,1.0,0.0,0.2,1.0
773,d12556917,50.0,50.0,50.0,,0.0,1.0,1.0,1.0,0.0,0.2,0.0
774,d12998030,,,,,0.0,1.0,1.0,1.0,0.0,,0.0
775,d12962071,45.0,50.0,45.0,,0.0,1.0,1.0,1.0,0.0,,1.0
776,d6214454,,,,,0.0,1.0,1.0,1.0,0.0,,0.0
777,d3822624,,,,,0.0,1.0,1.0,1.0,0.0,0.5,0.0
778,d10467865,35.0,40.0,35.0,,0.0,1.0,1.0,1.0,0.0,0.6,0.0
779,d3619544,45.0,45.0,40.0,40.0,0.0,1.0,1.0,1.0,0.0,0.9,0.0
780,d5981486,35.0,30.0,40.0,,0.0,1.0,1.0,1.0,0.0,1.3,0.0
781,d7177377,45.0,40.0,40.0,35.0,0.0,1.0,1.0,1.0,0.0,1.5,0.0
782,d8782593,40.0,40.0,40.0,,0.0,1.0,1.0,1.0,0.0,0.1,0.0
783,d8339942,40.0,45.0,40.0,,0.0,1.0,1.0,1.0,0.0,0.2,0.0
784,d12224017,,,,,0.0,1.0,1.0,1.0,0.0,,0.0
785,d4834253,45.0,45.0,50.0,45.0,0.0,1.0,1.0,1.0,0.0,,0.0
786,d8464231,25.0,25.0,20.0,,0.0,1.0,1.0,1.0,0.0,0.4,0.0
787,d1435274,35.0,35.0,40.0,45.0,0.0,1.0,1.0,1.0,0.0,0.2,0.0
788,d6807201,40.0,30.0,35.0,,0.0,1.0,1.0,1.0,0.0,1.3,0.0
789,d2184312,45.0,35.0,45.0,35.0,0.0,1.0,1.0,1.0,0.0,0.1,1.0
790,d12538622,40.0,40.0,40.0,,0.0,1.0,1.0,1.0,0.0,0.1,0.0
791,d4769839,,,,,0.0,1.0,1.0,1.0,0.0,,0.0
792,d1335294,30.0,30.0,30.0,35.0,0.0,1.0,1.0,1.0,0.0,0.2,0.0
793,d5439629,45.0,45.0,45.0,40.0,0.0,1.0,1.0,1.0,0.0,,1.0
794,d7810107,,,,,0.0,1.0,1.0,1.0,0.0,2.0,0.0
795,d8858216,45.0,45.0,45.0,,0.0,1.0,1.0,1.0,0.0,0.6,1.0
796,d13002957,45.0,40.0,40.0,,0.0,1.0,1.0,1.0,0.0,0.3,0.0
797,d6499017,,,,,0.0,1.0,1.0,1.0,0.0,0.4,0.0
798,d1782753,40.0,45.0,40.0,40.0,0.0,1.0,1.0,1.0,0.0,0.6,0.0
799,d2151486,40.0,40.0,40.0,40.0,0.0,1.0,1.0,1.0,0.0,0.9,0.0
800,d6975734,45.0,45.0,45.0,45.0,0.0,1.0,1.0,1.0,0.0,0.3,0.0
801,d6280599,30.0,25.0,30.0,,0.0,1.0,1.0,1.0,0.0,,0.0
802,d7198811,40.0,45.0,45.0,,0.0,1.0,1.0,1.0,0.0,2.0,0.0
803,d969073,40.0,40.0,35.0,40.0,0.0,1.0,1.0,1.0,0.0,0.8,0.0
804,d10468323,,,,,0.0,1.0,1.0,1.0,0.0,0.4,0.0
805,d10836642,,,,,0.0,1.0,1.0,1.0,0.0,,0.0
806,d4980156,45.0,40.0,40.0,,0.0,1.0,1.0,1.0,0.0,0.7,0.0
807,d4747665,40.0,40.0,40.0,,0.0,1.0,1.0,1.0,0.0,1.7,0.0
808,d6473738,45.0,50.0,50.0,,0.0,1.0,1.0,1.0,0.0,2.5,0.0
809,d12503231,,,,,,,,,,,
810,d1553145,25.0,25.0,20.0,30.0,0.0,1.0,1.0,1.0,0.0,0.5,0.0
811,d7688447,40.0,40.0,40.0,45.0,0.0,1.0,1.0,1.0,0.0,0.2,0.0
812,d12967645,45.0,45.0,40.0,,0.0,1.0,1.0,1.0,0.0,0.3,1.0
813,d7856068,45.0,45.0,45.0,,0.0,1.0,1.0,1.0,0.0,1.2,0.0
814,d7387621,40.0,40.0,35.0,40.0,0.0,1.0,1.0,1.0,0.0,,1.0
815,d2718569,40.0,30.0,40.0,30.0,0.0,1.0,1.0,1.0,0.0,0.1,0.0
816,d1948863,30.0,30.0,30.0,25.0,0.0,1.0,1.0,1.0,0.0,0.7,0.0
817,d7093983,40.0,40.0,40.0,40.0,0.0,1.0,1.0,1.0,0.0,0.0,0.0
818,d2089267,35.0,35.0,35.0,40.0,0.0,1.0,1.0,1.0,0.0,0.5,0.0
819,d11945820,,,,,0.0,1.0,1.0,1.0,0.0,0.5,0.0
820,d9796702,40.0,40.0,40.0,,0.0,1.0,1.0,1.0,0.0,0.4,0.0
821,d2619476,45.0,45.0,45.0,45.0,0.0,1.0,1.0,1.0,0.0,0.2,1.0
822,d4338947,40.0,30.0,35.0,35.0,0.0,1.0,1.0,1.0,0.0,1.3,0.0
823,d1017802,,,,,0.0,1.0,1.0,1.0,0.0,,0.0
824,d3544285,45.0,45.0,45.0,40.0,0.0,1.0,1.0,1.0,0.0,0.1,1.0
825,d10372287,,,,,0.0,1.0,1.0,1.0,0.0,,0.0
826,d11947364,40.0,40.0,40.0,,0.0,1.0,1.0,1.0,0.0,0.6,0.0
827,d8841790,35.0,35.0,35.0,,0.0,1.0,1.0,1.0,0.0,0.0,0.0
828,d1232149,40.0,40.0,35.0,40.0,0.0,1.0,1.0,1.0,0.0,,0.0
829,d4104897,45.0,45.0,45.0,40.0,0.0,1.0,1.0,1.0,0.0,,1.0
830,d1724600,40.0,40.0,40.0,35.0,0.0,1.0,1.0,1.0,0.0,0.3,0.0
831,d10047330,,,,,,,,,,,
832,d11806031,,,,,,,,,,,
833,d4102092,40.0,35.0,30.0,35.0,0.0,1.0,1.0,1.0,0.0,0.9,0.0
834,d13168228,,,,,0.0,1.0,1.0,1.0,0.0,0.2,0.0
835,d10784327,,,,,0.0,1.0,1.0,1.0,0.0,0.1,0.0
836,d911249,40.0,40.0,40.0,35.0,0.0,1.0,1.0,1.0,0.0,0.8,0.0
837,d12988669,50.0,50.0,45.0,,0.0,1.0,1.0,1.0,0.0,0.4,1.0
838,d11771167,,,,,0.0,1.0,1.0,1.0,0.0,1.3,0.0
839,d8534515,35.0,35.0,35.0,,0.0,1.0,1.0,1.0,0.0,0.2,0.0
840,d4770262,45.0,45.0,45.0,45.0,0.0,1.0,1.0,1.0,0.0,0.2,1.0
841,d997742,35.0,35.0,40.0,35.0,0.0,1.0,1.0,1.0,0.0,0.6,0.0
842,d12899150,,,,,0.0,1.0,1.0,1.0,0.0,,0.0
843,d2061785,40.0,35.0,40.0,35.0,0.0,1.0,1.0,1.0,0.0,0.3,0.0
844,d2019869,40.0,40.0,35.0,40.0,0.0,1.0,1.0,1.0,0.0,,0.0
845,d3510397,40.0,40.0,40.0,40.0,0.0,1.0,1.0,1.0,0.0,0.3,0.0
846,d3572311,35.0,35.0,35.0,35.0,0.0,1.0,1.0,1.0,0.0,2.0,0.0
847,d6522140,45.0,40.0,40.0,,0.0,1.0,1.0,1.0,0.0,3.1,0.0
848,d2348212,40.0,45.0,40.0,40.0,0.0,1.0,1.0,1.0,0.0,,1.0
849,d10159455,45.0,45.0,40.0,,0.0,1.0,1.0,1.0,0.0,0.1,1.0
850,d782261,40.0,40.0,35.0,40.0,0.0,1.0,1.0,1.0,0.0,0.2,1.0
851,d2109477,,,,,,,,,,,
852,d9796579,,,,,,,,,,,
853,d4402846,45.0,45.0,40.0,,0.0,1.0,1.0,1.0,0.0,1.0,0.0
854,d8541899,35.0,35.0,35.0,,0.0,1.0,1.0,1.0,0.0,0.6,0.0
855,d4432646,,,,,,,,,,,
856,d1038800,30.0,35.0,35.0,35.0,0.0,1.0,1.0,1.0,0.0,0.8,0.0
857,d9771181,,,,,0.0,1.0,1.0,1.0,0.0,0.4,0.0
858,d2322652,40.0,35.0,40.0,35.0,0.0,1.0,1.0,1.0,0.0,0.2,0.0
859,d2072935,35.0,45.0,40.0,45.0,0.0,1.0,1.0,1.0,0.0,0.5,0.0
860,d3954108,45.0,45.0,45.0,50.0,0.0,1.0,1.0,1.0,0.0,0.4,1.0
861,d2439609,40.0,45.0,45.0,40.0,0.0,1.0,1.0,1.0,0.0,,0.0
862,d814231,45.0,45.0,40.0,50.0,0.0,1.0,1.0,1.0,0.0,1.3,1.0
863,d1884530,35.0,40.0,35.0,35.0,0.0,1.0,1.0,1.0,0.0,0.1,0.0
864,d694891,40.0,40.0,40.0,40.0,0.0,1.0,1.0,1.0,0.0,0.1,1.0
865,d12291291,30.0,30.0,30.0,,0.0,1.0,1.0,1.0,0.0,0.0,0.0
866,d12909028,45.0,45.0,40.0,,0.0,1.0,1.0,1.0,0.0,0.1,1.0
867,d8449738,45.0,40.0,45.0,,0.0,1.0,1.0,1.0,0.0,0.8,0.0
868,d815943,,,,,0.0,1.0,1.0,1.0,0.0,0.5,0.0
869,d5798343,50.0,50.0,50.0,,0.0,1.0,1.0,1.0,0.0,0.2,0.0
870,d12328596,25.0,25.0,25.0,,0.0,1.0,1.0,1.0,0.0,0.9,0.0
871,d10057590,,,,,0.0,1.0,1.0,1.0,0.0,0.8,0.0
872,d3842274,40.0,40.0,35.0,,0.0,1.0,1.0,1.0,0.0,,0.0
873,d12880340,40.0,40.0,35.0,,0.0,1.0,1.0,1.0,0.0,0.3,1.0
874,d1444280,45.0,45.0,40.0,45.0,0.0,1.0,1.0,1.0,0.0,0.2,0.0
875,d2703640,50.0,40.0,50.0,40.0,0.0,1.0,1.0,1.0,0.0,0.6,0.0
876,d3981277,40.0,45.0,40.0,45.0,0.0,1.0,1.0,1.0,0.0,0.7,1.0
877,d1889348,45.0,45.0,45.0,40.0,0.0,1.0,1.0,1.0,0.0,,0.0
878,d4222546,45.0,40.0,40.0,,0.0,1.0,1.0,1.0,0.0,,0.0
879,d10059544,,,,,0.0,1.0,1.0,1.0,0.0,,0.0
880,d7818372,,,,,0.0,1.0,1.0,1.0,0.0,3.2,0.0
881,d10052677,,,,,0.0,1.0,1.0,1.0,0.0,0.4,0.0
882,d8685428,,,,,,,,,,,
883,d1017382,30.0,25.0,25.0,25.0,0.0,1.0,1.0,1.0,0.0,0.6,0.0
884,d2572401,45.0,40.0,40.0,40.0,0.0,1.0,1.0,1.0,0.0,0.3,1.0
885,d5872661,,,,,,,,,,,
886,d4025775,40.0,45.0,35.0,,0.0,1.0,1.0,1.0,0.0,0.5,0.0
887,d2614258,,,,,0.0,1.0,1.0,1.0,0.0,0.9,0.0
888,d13083608,,,,,0.0,1.0,1.0,1.0,0.0,,0.0
889,d10785527,35.0,35.0,40.0,,0.0,1.0,1.0,1.0,0.0,,0.0
890,d3398819,35.0,30.0,35.0,40.0,0.0,1.0,1.0,1.0,0.0,0.2,0.0
891,d743412,40.0,40.0,35.0,40.0,0.0,1.0,1.0,1.0,0.0,,1.0
892,d2214010,40.0,40.0,40.0,45.0,0.0,1.0,1.0,1.0,0.0,0.4,0.0
893,d12413351,40.0,40.0,40.0,,0.0,1.0,1.0,1.0,0.0,,0.0
894,d1986748,45.0,40.0,35.0,40.0,0.0,1.0,1.0,1.0,0.0,0.3,0.0
895,d9743120,,,,,0.0,1.0,1.0,1.0,0.0,0.3,0.0
896,d3626343,40.0,45.0,40.0,40.0,0.0,1.0,1.0,1.0,0.0,0.4,0.0
897,d2356446,45.0,40.0,40.0,45.0,0.0,1.0,1.0,1.0,0.0,0.4,1.0
898,d6977443,40.0,40.0,40.0,40.0,0.0,1.0,1.0,1.0,0.0,0.7,0.0
899,d5862883,,,,,,,,,,,
900,d1316063,45.0,40.0,45.0,35.0,0.0,1.0,1.0,1.0,0.0,0.2,0.0
901,d718650,40.0,40.0,40.0,40.0,0.0,1.0,1.0,1.0,0.0,0.1,1.0
902,d12257888,35.0,30.0,30.0,,0.0,1.0,1.0,1.0,0.0,0.3,0.0
903,d11841507,35.0,35.0,35.0,,0.0,1.0,1.0,1.0,0.0,0.3,0.0
904,d7396109,45.0,45.0,45.0,45.0,0.0,1.0,1.0,1.0,0.0,0.3,1.0
905,d1078175,40.0,40.0,40.0,40.0,0.0,1.0,1.0,1.0,0.0,0.4,1.0
906,d11826818,50.0,45.0,50.0,,0.0,1.0,1.0,1.0,0.0,,0.0
907,d5615778,45.0,40.0,40.0,,0.0,1.0,1.0,1.0,0.0,,0.0
908,d7689925,,,,,0.0,1.0,1.0,1.0,0.0,0.5,0.0
909,d3914658,40.0,40.0,45.0,,0.0,1.0,1.0,1.0,0.0,0.3,0.0
910,d1402274,40.0,40.0,40.0,45.0,0.0,1.0,1.0,1.0,0.0,0.3,0.0
911,d3971365,,,,,0.0,1.0,1.0,1.0,0.0,2.1,0.0
912,d997404,40.0,40.0,35.0,35.0,0.0,1.0,1.0,1.0,0.0,0.1,0.0
913,d5770110,40.0,40.0,40.0,40.0,0.0,1.0,1.0,1.0,0.0,1.9,0.0
914,d5122301,,,,,0.0,1.0,1.0,1.0,0.0,,0.0
915,d11957077,,,,,0.0,1.0,1.0,1.0,0.0,0.7,0.0
916,d2255636,40.0,40.0,35.0,,0.0,1.0,1.0,1.0,0.0,0.3,0.0
917,d5798908,,,,,,,,,,,
918,d4505920,45.0,45.0,45.0,45.0,0.0,1.0,1.0,1.0,0.0,0.2,1.0
919,d8765247,35.0,40.0,45.0,,0.0,1.0,1.0,1.0,0.0,0.6,0.0
920,d8606855,,,,,0.0,1.0,1.0,1.0,0.0,0.5,0.0
921,d1978715,40.0,30.0,35.0,35.0,0.0,1.0,1.0,1.0,0.0,0.6,0.0
922,d4769864,40.0,45.0,40.0,,0.0,1.0,1.0,1.0,0.0,,0.0
923,d10373079,40.0,35.0,35.0,,0.0,1.0,1.0,1.0,0.0,,0.0
924,d8493145,40.0,40.0,40.0,,0.0,1.0,1.0,1.0,0.0,0.7,1.0
925,d4474527,,,,,0.0,1.0,1.0,1.0,0.0,0.1,0.0
926,d11737024,,,,,0.0,1.0,1.0,1.0,0.0,2.9,0.0
927,d942681,,,,,,,,,,,
928,d1048142,45.0,45.0,40.0,,0.0,1.0,1.0,1.0,0.0,0.9,0.0
929,d6404771,,,,,0.0,1.0,1.0,1.0,0.0,0.6,0.0
930,d951225,35.0,30.0,35.0,35.0,0.0,1.0,1.0,1.0,0.0,0.3,0.0
931,d1878972,40.0,40.0,40.0,40.0,0.0,1.0,1.0,1.0,0.0,0.3,0.0
932,d6437737,,,,,,,,,,,
933,d6857419,50.0,50.0,50.0,,0.0,1.0,1.0,1.0,0.0,0.3,0.0
934,d3530610,40.0,40.0,40.0,40.0,0.0,1.0,1.0,1.0,0.0,0.1,0.0
935,d4991858,,,,,0.0,1.0,1.0,1.0,0.0,0.1,0.0
936,d7032460,,,,,0.0,1.0,1.0,1.0,0.0,0.2,0.0
937,d2695790,,,,,0.0,1.0,1.0,1.0,0.0,0.3,0.0
938,d12712502,30.0,35.0,35.0,,0.0,1.0,1.0,1.0,0.0,,0.0
939,d11797353,45.0,45.0,45.0,,0.0,1.0,1.0,1.0,0.0,,0.0
940,d1053302,35.0,35.0,30.0,40.0,0.0,1.0,1.0,1.0,0.0,1.0,0.0
941,d12355632,,,,,0.0,1.0,1.0,1.0,0.0,1.6,0.0
942,d10126765,40.0,40.0,40.0,,0.0,1.0,1.0,1.0,0.0,2.7,0.0
943,d7079573,30.0,40.0,35.0,,0.0,1.0,1.0,1.0,0.0,0.3,0.0
944,d9994334,,,,,0.0,1.0,1.0,1.0,0.0,1.7,0.0
945,d3839670,35.0,35.0,35.0,30.0,0.0,1.0,1.0,1.0,0.0,,0.0
946,d10457800,,,,,0.0,1.0,1.0,1.0,0.0,,0.0
947,d7122213,45.0,45.0,45.0,,0.0,1.0,1.0,1.0,0.0,3.7,0.0
948,d8636484,50.0,50.0,50.0,,0.0,1.0,1.0,1.0,0.0,1.2,0.0
949,d1440167,45.0,45.0,40.0,45.0,0.0,1.0,1.0,1.0,0.0,0.1,1.0
950,d4226553,45.0,40.0,45.0,35.0,0.0,1.0,1.0,1.0,0.0,0.9,1.0
951,d939672,40.0,40.0,35.0,40.0,0.0,1.0,1.0,1.0,0.0,0.7,1.0
952,d801043,35.0,40.0,35.0,35.0,0.0,1.0,1.0,1.0,0.0,0.5,0.0
953,d8118182,,,,,0.0,1.0,1.0,1.0,0.0,0.4,0.0
954,d10730566,30.0,25.0,25.0,,0.0,1.0,1.0,1.0,0.0,0.1,0.0
955,d7094521,,,,,0.0,1.0,1.0,1.0,0.0,0.8,0.0
956,d2386263,,,,,0.0,1.0,1.0,1.0,0.0,0.1,0.0
957,d8533302,,,,,,,,,,,
958,d7083109,,,,,0.0,1.0,1.0,1.0,0.0,,0.0
959,d6827822,,,,,0.0,1.0,1.0,1.0,0.0,,0.0
960,d6883493,45.0,45.0,45.0,30.0,0.0,1.0,1.0,1.0,0.0,0.2,0.0
961,d8430809,40.0,35.0,40.0,,0.0,1.0,1.0,1.0,0.0,0.2,0.0
962,d4259209,40.0,40.0,40.0,35.0,0.0,1.0,1.0,1.0,0.0,0.9,0.0
963,d10226821,40.0,40.0,40.0,,0.0,1.0,1.0,1.0,0.0,0.1,0.0
964,d11734232,,,,,,,,,,,
965,d3607504,,,,,0.0,1.0,1.0,1.0,0.0,0.6,0.0
966,d4022613,50.0,40.0,35.0,45.0,0.0,1.0,1.0,1.0,0.0,0.2,0.0
967,d7011418,,,,,0.0,1.0,1.0,1.0,0.0,,0.0
968,d11511431,,,,,0.0,1.0,1.0,1.0,0.0,2.5,0.0
969,d697165,35.0,35.0,35.0,35.0,0.0,1.0,1.0,1.0,0.0,0.2,0.0
970,d7278611,,,,,0.0,1.0,1.0,1.0,0.0,,0.0
971,d6999276,,,,,0.0,1.0,1.0,1.0,0.0,0.5,0.0
972,d11180599,35.0,35.0,35.0,,0.0,1.0,1.0,1.0,0.0,0.2,0.0
973,d1047599,35.0,35.0,35.0,35.0,0.0,1.0,1.0,1.0,0.0,0.8,0.0
974,d12499101,,,,,0.0,1.0,1.0,1.0,0.0,,0.0
975,d3470324,45.0,45.0,40.0,40.0,0.0,1.0,1.0,1.0,0.0,,0.0
976,d12667659,35.0,35.0,35.0,,0.0,1.0,1.0,1.0,0.0,0.7,0.0
977,d7660589,,,,,0.0,1.0,1.0,1.0,0.0,1.3,0.0
978,d2532077,35.0,40.0,35.0,40.0,0.0,1.0,1.0,1.0,0.0,0.4,0.0
979,d2330277,45.0,40.0,40.0,40.0,0.0,1.0,1.0,1.0,0.0,0.3,1.0
980,d695070,,,,,,,,,,,
981,d8316919,,,,,0.0,1.0,1.0,1.0,0.0,0.3,0.0
982,d1998678,,,,,0.0,1.0,1.0,1.0,0.0,0.6,0.0
983,d2014583,35.0,35.0,35.0,35.0,0.0,1.0,1.0,1.0,0.0,0.4,0.0
984,d3385081,,,,,0.0,1.0,1.0,1.0,0.0,0.2,0.0
985,d8768763,,,,,0.0,1.0,1.0,1.0,0.0,0.7,0.0
986,d13124346,,,,,0.0,1.0,1.0,1.0,0.0,,0.0
987,d2166157,40.0,35.0,35.0,30.0,0.0,1.0,1.0,1.0,0.0,0.1,0.0
988,d6570763,,,,,0.0,1.0,1.0,1.0,0.0,,0.0
989,d8745780,40.0,40.0,35.0,,0.0,1.0,1.0,1.0,0.0,0.6,0.0
990,d6949162,45.0,45.0,45.0,45.0,0.0,1.0,1.0,1.0,0.0,0.2,0.0
991,d7203612,45.0,40.0,45.0,,0.0,1.0,1.0,1.0,0.0,0.6,0.0
992,d9751083,45.0,45.0,45.0,,0.0,1.0,1.0,1.0,0.0,0.1,0.0
993,d5792726,35.0,35.0,35.0,,0.0,1.0,1.0,1.0,0.0,3.1,0.0
994,d12669894,,,,,0.0,1.0,1.0,1.0,0.0,,0.0
995,d11434882,35.0,35.0,35.0,,0.0,1.0,1.0,1.0,0.0,0.4,0.0
996,d4681626,45.0,45.0,45.0,45.0,0.0,1.0,1.0,1.0,0.0,0.7,1.0
997,d787933,40.0,40.0,35.0,40.0,0.0,1.0,1.0,1.0,0.0,0.6,0.0
998,d3484430,,,,,,,,,,,
999,d986295,,,,,0.0,1.0,1.0,1.0,0.0,,0.0
